specie_name,specie_url,generation,specie_id
bulbasaur,https://pokeapi.co/api/v2/pokemon-species/1/,generation-i,1
charmander,https://pokeapi.co/api/v2/pokemon-species/4/,generation-i,4
squirtle,https://pokeapi.co/api/v2/pokemon-species/7/,generation-i,7
caterpie,https://pokeapi.co/api/v2/pokemon-species/10/,generation-i,10
weedle,https://pokeapi.co/api/v2/pokemon-species/13/,generation-i,13
pidgey,https://pokeapi.co/api/v2/pokemon-species/16/,generation-i,16
rattata,https://pokeapi.co/api/v2/pokemon-species/19/,generation-i,19
spearow,https://pokeapi.co/api/v2/pokemon-species/21/,generation-i,21
ekans,https://pokeapi.co/api/v2/pokemon-species/23/,generation-i,23
sandshrew,https://pokeapi.co/api/v2/pokemon-species/27/,generation-i,27
nidoran-f,https://pokeapi.co/api/v2/pokemon-species/29/,generation-i,29
nidoran-m,https://pokeapi.co/api/v2/pokemon-species/32/,generation-i,32
vulpix,https://pokeapi.co/api/v2/pokemon-species/37/,generation-i,37
zubat,https://pokeapi.co/api/v2/pokemon-species/41/,generation-i,41
oddish,https://pokeapi.co/api/v2/pokemon-species/43/,generation-i,43
paras,https://pokeapi.co/api/v2/pokemon-species/46/,generation-i,46
venonat,https://pokeapi.co/api/v2/pokemon-species/48/,generation-i,48
diglett,https://pokeapi.co/api/v2/pokemon-species/50/,generation-i,50
meowth,https://pokeapi.co/api/v2/pokemon-species/52/,generation-i,52
psyduck,https://pokeapi.co/api/v2/pokemon-species/54/,generation-i,54
mankey,https://pokeapi.co/api/v2/pokemon-species/56/,generation-i,56
growlithe,https://pokeapi.co/api/v2/pokemon-species/58/,generation-i,58
poliwag,https://pokeapi.co/api/v2/pokemon-species/60/,generation-i,60
abra,https://pokeapi.co/api/v2/pokemon-species/63/,generation-i,63
machop,https://pokeapi.co/api/v2/pokemon-species/66/,generation-i,66
bellsprout,https://pokeapi.co/api/v2/pokemon-species/69/,generation-i,69
tentacool,https://pokeapi.co/api/v2/pokemon-species/72/,generation-i,72
geodude,https://pokeapi.co/api/v2/pokemon-species/74/,generation-i,74
venusaur,https://pokeapi.co/api/v2/pokemon-species/3/,generation-i,3
charmeleon,https://pokeapi.co/api/v2/pokemon-species/5/,generation-i,5
charizard,https://pokeapi.co/api/v2/pokemon-species/6/,generation-i,6
wartortle,https://pokeapi.co/api/v2/pokemon-species/8/,generation-i,8
blastoise,https://pokeapi.co/api/v2/pokemon-species/9/,generation-i,9
metapod,https://pokeapi.co/api/v2/pokemon-species/11/,generation-i,11
butterfree,https://pokeapi.co/api/v2/pokemon-species/12/,generation-i,12
kakuna,https://pokeapi.co/api/v2/pokemon-species/14/,generation-i,14
beedrill,https://pokeapi.co/api/v2/pokemon-species/15/,generation-i,15
pidgeotto,https://pokeapi.co/api/v2/pokemon-species/17/,generation-i,17
pidgeot,https://pokeapi.co/api/v2/pokemon-species/18/,generation-i,18
raticate,https://pokeapi.co/api/v2/pokemon-species/20/,generation-i,20
fearow,https://pokeapi.co/api/v2/pokemon-species/22/,generation-i,22
arbok,https://pokeapi.co/api/v2/pokemon-species/24/,generation-i,24
pikachu,https://pokeapi.co/api/v2/pokemon-species/25/,generation-i,25
raichu,https://pokeapi.co/api/v2/pokemon-species/26/,generation-i,26
sandslash,https://pokeapi.co/api/v2/pokemon-species/28/,generation-i,28
nidorina,https://pokeapi.co/api/v2/pokemon-species/30/,generation-i,30
nidoqueen,https://pokeapi.co/api/v2/pokemon-species/31/,generation-i,31
nidorino,https://pokeapi.co/api/v2/pokemon-species/33/,generation-i,33
nidoking,https://pokeapi.co/api/v2/pokemon-species/34/,generation-i,34
clefairy,https://pokeapi.co/api/v2/pokemon-species/35/,generation-i,35
clefable,https://pokeapi.co/api/v2/pokemon-species/36/,generation-i,36
ninetales,https://pokeapi.co/api/v2/pokemon-species/38/,generation-i,38
jigglypuff,https://pokeapi.co/api/v2/pokemon-species/39/,generation-i,39
wigglytuff,https://pokeapi.co/api/v2/pokemon-species/40/,generation-i,40
golbat,https://pokeapi.co/api/v2/pokemon-species/42/,generation-i,42
gloom,https://pokeapi.co/api/v2/pokemon-species/44/,generation-i,44
vileplume,https://pokeapi.co/api/v2/pokemon-species/45/,generation-i,45
parasect,https://pokeapi.co/api/v2/pokemon-species/47/,generation-i,47
venomoth,https://pokeapi.co/api/v2/pokemon-species/49/,generation-i,49
dugtrio,https://pokeapi.co/api/v2/pokemon-species/51/,generation-i,51
persian,https://pokeapi.co/api/v2/pokemon-species/53/,generation-i,53
golduck,https://pokeapi.co/api/v2/pokemon-species/55/,generation-i,55
primeape,https://pokeapi.co/api/v2/pokemon-species/57/,generation-i,57
arcanine,https://pokeapi.co/api/v2/pokemon-species/59/,generation-i,59
poliwhirl,https://pokeapi.co/api/v2/pokemon-species/61/,generation-i,61
poliwrath,https://pokeapi.co/api/v2/pokemon-species/62/,generation-i,62
kadabra,https://pokeapi.co/api/v2/pokemon-species/64/,generation-i,64
alakazam,https://pokeapi.co/api/v2/pokemon-species/65/,generation-i,65
machoke,https://pokeapi.co/api/v2/pokemon-species/67/,generation-i,67
machamp,https://pokeapi.co/api/v2/pokemon-species/68/,generation-i,68
weepinbell,https://pokeapi.co/api/v2/pokemon-species/70/,generation-i,70
victreebel,https://pokeapi.co/api/v2/pokemon-species/71/,generation-i,71
tentacruel,https://pokeapi.co/api/v2/pokemon-species/73/,generation-i,73
graveler,https://pokeapi.co/api/v2/pokemon-species/75/,generation-i,75
ponyta,https://pokeapi.co/api/v2/pokemon-species/77/,generation-i,77
slowpoke,https://pokeapi.co/api/v2/pokemon-species/79/,generation-i,79
magnemite,https://pokeapi.co/api/v2/pokemon-species/81/,generation-i,81
farfetchd,https://pokeapi.co/api/v2/pokemon-species/83/,generation-i,83
doduo,https://pokeapi.co/api/v2/pokemon-species/84/,generation-i,84
seel,https://pokeapi.co/api/v2/pokemon-species/86/,generation-i,86
grimer,https://pokeapi.co/api/v2/pokemon-species/88/,generation-i,88
shellder,https://pokeapi.co/api/v2/pokemon-species/90/,generation-i,90
gastly,https://pokeapi.co/api/v2/pokemon-species/92/,generation-i,92
onix,https://pokeapi.co/api/v2/pokemon-species/95/,generation-i,95
drowzee,https://pokeapi.co/api/v2/pokemon-species/96/,generation-i,96
krabby,https://pokeapi.co/api/v2/pokemon-species/98/,generation-i,98
voltorb,https://pokeapi.co/api/v2/pokemon-species/100/,generation-i,100
exeggcute,https://pokeapi.co/api/v2/pokemon-species/102/,generation-i,102
cubone,https://pokeapi.co/api/v2/pokemon-species/104/,generation-i,104
lickitung,https://pokeapi.co/api/v2/pokemon-species/108/,generation-i,108
koffing,https://pokeapi.co/api/v2/pokemon-species/109/,generation-i,109
rhyhorn,https://pokeapi.co/api/v2/pokemon-species/111/,generation-i,111
tangela,https://pokeapi.co/api/v2/pokemon-species/114/,generation-i,114
kangaskhan,https://pokeapi.co/api/v2/pokemon-species/115/,generation-i,115
horsea,https://pokeapi.co/api/v2/pokemon-species/116/,generation-i,116
goldeen,https://pokeapi.co/api/v2/pokemon-species/118/,generation-i,118
staryu,https://pokeapi.co/api/v2/pokemon-species/120/,generation-i,120
scyther,https://pokeapi.co/api/v2/pokemon-species/123/,generation-i,123
pinsir,https://pokeapi.co/api/v2/pokemon-species/127/,generation-i,127
tauros,https://pokeapi.co/api/v2/pokemon-species/128/,generation-i,128
magikarp,https://pokeapi.co/api/v2/pokemon-species/129/,generation-i,129
lapras,https://pokeapi.co/api/v2/pokemon-species/131/,generation-i,131
ditto,https://pokeapi.co/api/v2/pokemon-species/132/,generation-i,132
eevee,https://pokeapi.co/api/v2/pokemon-species/133/,generation-i,133
porygon,https://pokeapi.co/api/v2/pokemon-species/137/,generation-i,137
omanyte,https://pokeapi.co/api/v2/pokemon-species/138/,generation-i,138
kabuto,https://pokeapi.co/api/v2/pokemon-species/140/,generation-i,140
aerodactyl,https://pokeapi.co/api/v2/pokemon-species/142/,generation-i,142
articuno,https://pokeapi.co/api/v2/pokemon-species/144/,generation-i,144
zapdos,https://pokeapi.co/api/v2/pokemon-species/145/,generation-i,145
moltres,https://pokeapi.co/api/v2/pokemon-species/146/,generation-i,146
dratini,https://pokeapi.co/api/v2/pokemon-species/147/,generation-i,147
mewtwo,https://pokeapi.co/api/v2/pokemon-species/150/,generation-i,150
rapidash,https://pokeapi.co/api/v2/pokemon-species/78/,generation-i,78
slowbro,https://pokeapi.co/api/v2/pokemon-species/80/,generation-i,80
magneton,https://pokeapi.co/api/v2/pokemon-species/82/,generation-i,82
dodrio,https://pokeapi.co/api/v2/pokemon-species/85/,generation-i,85
dewgong,https://pokeapi.co/api/v2/pokemon-species/87/,generation-i,87
muk,https://pokeapi.co/api/v2/pokemon-species/89/,generation-i,89
cloyster,https://pokeapi.co/api/v2/pokemon-species/91/,generation-i,91
haunter,https://pokeapi.co/api/v2/pokemon-species/93/,generation-i,93
gengar,https://pokeapi.co/api/v2/pokemon-species/94/,generation-i,94
hypno,https://pokeapi.co/api/v2/pokemon-species/97/,generation-i,97
kingler,https://pokeapi.co/api/v2/pokemon-species/99/,generation-i,99
electrode,https://pokeapi.co/api/v2/pokemon-species/101/,generation-i,101
exeggutor,https://pokeapi.co/api/v2/pokemon-species/103/,generation-i,103
marowak,https://pokeapi.co/api/v2/pokemon-species/105/,generation-i,105
hitmonlee,https://pokeapi.co/api/v2/pokemon-species/106/,generation-i,106
hitmonchan,https://pokeapi.co/api/v2/pokemon-species/107/,generation-i,107
weezing,https://pokeapi.co/api/v2/pokemon-species/110/,generation-i,110
rhydon,https://pokeapi.co/api/v2/pokemon-species/112/,generation-i,112
chansey,https://pokeapi.co/api/v2/pokemon-species/113/,generation-i,113
seadra,https://pokeapi.co/api/v2/pokemon-species/117/,generation-i,117
seaking,https://pokeapi.co/api/v2/pokemon-species/119/,generation-i,119
starmie,https://pokeapi.co/api/v2/pokemon-species/121/,generation-i,121
mr-mime,https://pokeapi.co/api/v2/pokemon-species/122/,generation-i,122
jynx,https://pokeapi.co/api/v2/pokemon-species/124/,generation-i,124
electabuzz,https://pokeapi.co/api/v2/pokemon-species/125/,generation-i,125
magmar,https://pokeapi.co/api/v2/pokemon-species/126/,generation-i,126
gyarados,https://pokeapi.co/api/v2/pokemon-species/130/,generation-i,130
vaporeon,https://pokeapi.co/api/v2/pokemon-species/134/,generation-i,134
jolteon,https://pokeapi.co/api/v2/pokemon-species/135/,generation-i,135
flareon,https://pokeapi.co/api/v2/pokemon-species/136/,generation-i,136
omastar,https://pokeapi.co/api/v2/pokemon-species/139/,generation-i,139
kabutops,https://pokeapi.co/api/v2/pokemon-species/141/,generation-i,141
snorlax,https://pokeapi.co/api/v2/pokemon-species/143/,generation-i,143
dragonair,https://pokeapi.co/api/v2/pokemon-species/148/,generation-i,148
dragonite,https://pokeapi.co/api/v2/pokemon-species/149/,generation-i,149
mew,https://pokeapi.co/api/v2/pokemon-species/151/,generation-i,151
ivysaur,https://pokeapi.co/api/v2/pokemon-species/2/,generation-i,2
golem,https://pokeapi.co/api/v2/pokemon-species/76/,generation-i,76
chikorita,https://pokeapi.co/api/v2/pokemon-species/152/,generation-ii,152
cyndaquil,https://pokeapi.co/api/v2/pokemon-species/155/,generation-ii,155
totodile,https://pokeapi.co/api/v2/pokemon-species/158/,generation-ii,158
sentret,https://pokeapi.co/api/v2/pokemon-species/161/,generation-ii,161
hoothoot,https://pokeapi.co/api/v2/pokemon-species/163/,generation-ii,163
ledyba,https://pokeapi.co/api/v2/pokemon-species/165/,generation-ii,165
spinarak,https://pokeapi.co/api/v2/pokemon-species/167/,generation-ii,167
chinchou,https://pokeapi.co/api/v2/pokemon-species/170/,generation-ii,170
pichu,https://pokeapi.co/api/v2/pokemon-species/172/,generation-ii,172
cleffa,https://pokeapi.co/api/v2/pokemon-species/173/,generation-ii,173
igglybuff,https://pokeapi.co/api/v2/pokemon-species/174/,generation-ii,174
togepi,https://pokeapi.co/api/v2/pokemon-species/175/,generation-ii,175
natu,https://pokeapi.co/api/v2/pokemon-species/177/,generation-ii,177
mareep,https://pokeapi.co/api/v2/pokemon-species/179/,generation-ii,179
hoppip,https://pokeapi.co/api/v2/pokemon-species/187/,generation-ii,187
aipom,https://pokeapi.co/api/v2/pokemon-species/190/,generation-ii,190
sunkern,https://pokeapi.co/api/v2/pokemon-species/191/,generation-ii,191
yanma,https://pokeapi.co/api/v2/pokemon-species/193/,generation-ii,193
wooper,https://pokeapi.co/api/v2/pokemon-species/194/,generation-ii,194
murkrow,https://pokeapi.co/api/v2/pokemon-species/198/,generation-ii,198
misdreavus,https://pokeapi.co/api/v2/pokemon-species/200/,generation-ii,200
unown,https://pokeapi.co/api/v2/pokemon-species/201/,generation-ii,201
girafarig,https://pokeapi.co/api/v2/pokemon-species/203/,generation-ii,203
pineco,https://pokeapi.co/api/v2/pokemon-species/204/,generation-ii,204
dunsparce,https://pokeapi.co/api/v2/pokemon-species/206/,generation-ii,206
gligar,https://pokeapi.co/api/v2/pokemon-species/207/,generation-ii,207
snubbull,https://pokeapi.co/api/v2/pokemon-species/209/,generation-ii,209
qwilfish,https://pokeapi.co/api/v2/pokemon-species/211/,generation-ii,211
shuckle,https://pokeapi.co/api/v2/pokemon-species/213/,generation-ii,213
heracross,https://pokeapi.co/api/v2/pokemon-species/214/,generation-ii,214
sneasel,https://pokeapi.co/api/v2/pokemon-species/215/,generation-ii,215
teddiursa,https://pokeapi.co/api/v2/pokemon-species/216/,generation-ii,216
slugma,https://pokeapi.co/api/v2/pokemon-species/218/,generation-ii,218
swinub,https://pokeapi.co/api/v2/pokemon-species/220/,generation-ii,220
corsola,https://pokeapi.co/api/v2/pokemon-species/222/,generation-ii,222
remoraid,https://pokeapi.co/api/v2/pokemon-species/223/,generation-ii,223
delibird,https://pokeapi.co/api/v2/pokemon-species/225/,generation-ii,225
meganium,https://pokeapi.co/api/v2/pokemon-species/154/,generation-ii,154
quilava,https://pokeapi.co/api/v2/pokemon-species/156/,generation-ii,156
typhlosion,https://pokeapi.co/api/v2/pokemon-species/157/,generation-ii,157
croconaw,https://pokeapi.co/api/v2/pokemon-species/159/,generation-ii,159
feraligatr,https://pokeapi.co/api/v2/pokemon-species/160/,generation-ii,160
furret,https://pokeapi.co/api/v2/pokemon-species/162/,generation-ii,162
noctowl,https://pokeapi.co/api/v2/pokemon-species/164/,generation-ii,164
ledian,https://pokeapi.co/api/v2/pokemon-species/166/,generation-ii,166
ariados,https://pokeapi.co/api/v2/pokemon-species/168/,generation-ii,168
crobat,https://pokeapi.co/api/v2/pokemon-species/169/,generation-ii,169
lanturn,https://pokeapi.co/api/v2/pokemon-species/171/,generation-ii,171
togetic,https://pokeapi.co/api/v2/pokemon-species/176/,generation-ii,176
xatu,https://pokeapi.co/api/v2/pokemon-species/178/,generation-ii,178
flaaffy,https://pokeapi.co/api/v2/pokemon-species/180/,generation-ii,180
ampharos,https://pokeapi.co/api/v2/pokemon-species/181/,generation-ii,181
bellossom,https://pokeapi.co/api/v2/pokemon-species/182/,generation-ii,182
marill,https://pokeapi.co/api/v2/pokemon-species/183/,generation-ii,183
azumarill,https://pokeapi.co/api/v2/pokemon-species/184/,generation-ii,184
sudowoodo,https://pokeapi.co/api/v2/pokemon-species/185/,generation-ii,185
politoed,https://pokeapi.co/api/v2/pokemon-species/186/,generation-ii,186
skiploom,https://pokeapi.co/api/v2/pokemon-species/188/,generation-ii,188
jumpluff,https://pokeapi.co/api/v2/pokemon-species/189/,generation-ii,189
sunflora,https://pokeapi.co/api/v2/pokemon-species/192/,generation-ii,192
quagsire,https://pokeapi.co/api/v2/pokemon-species/195/,generation-ii,195
espeon,https://pokeapi.co/api/v2/pokemon-species/196/,generation-ii,196
umbreon,https://pokeapi.co/api/v2/pokemon-species/197/,generation-ii,197
slowking,https://pokeapi.co/api/v2/pokemon-species/199/,generation-ii,199
wobbuffet,https://pokeapi.co/api/v2/pokemon-species/202/,generation-ii,202
forretress,https://pokeapi.co/api/v2/pokemon-species/205/,generation-ii,205
steelix,https://pokeapi.co/api/v2/pokemon-species/208/,generation-ii,208
granbull,https://pokeapi.co/api/v2/pokemon-species/210/,generation-ii,210
scizor,https://pokeapi.co/api/v2/pokemon-species/212/,generation-ii,212
ursaring,https://pokeapi.co/api/v2/pokemon-species/217/,generation-ii,217
magcargo,https://pokeapi.co/api/v2/pokemon-species/219/,generation-ii,219
piloswine,https://pokeapi.co/api/v2/pokemon-species/221/,generation-ii,221
octillery,https://pokeapi.co/api/v2/pokemon-species/224/,generation-ii,224
skarmory,https://pokeapi.co/api/v2/pokemon-species/227/,generation-ii,227
houndour,https://pokeapi.co/api/v2/pokemon-species/228/,generation-ii,228
phanpy,https://pokeapi.co/api/v2/pokemon-species/231/,generation-ii,231
stantler,https://pokeapi.co/api/v2/pokemon-species/234/,generation-ii,234
smeargle,https://pokeapi.co/api/v2/pokemon-species/235/,generation-ii,235
tyrogue,https://pokeapi.co/api/v2/pokemon-species/236/,generation-ii,236
smoochum,https://pokeapi.co/api/v2/pokemon-species/238/,generation-ii,238
elekid,https://pokeapi.co/api/v2/pokemon-species/239/,generation-ii,239
magby,https://pokeapi.co/api/v2/pokemon-species/240/,generation-ii,240
miltank,https://pokeapi.co/api/v2/pokemon-species/241/,generation-ii,241
raikou,https://pokeapi.co/api/v2/pokemon-species/243/,generation-ii,243
entei,https://pokeapi.co/api/v2/pokemon-species/244/,generation-ii,244
suicune,https://pokeapi.co/api/v2/pokemon-species/245/,generation-ii,245
larvitar,https://pokeapi.co/api/v2/pokemon-species/246/,generation-ii,246
lugia,https://pokeapi.co/api/v2/pokemon-species/249/,generation-ii,249
ho-oh,https://pokeapi.co/api/v2/pokemon-species/250/,generation-ii,250
celebi,https://pokeapi.co/api/v2/pokemon-species/251/,generation-ii,251
houndoom,https://pokeapi.co/api/v2/pokemon-species/229/,generation-ii,229
kingdra,https://pokeapi.co/api/v2/pokemon-species/230/,generation-ii,230
donphan,https://pokeapi.co/api/v2/pokemon-species/232/,generation-ii,232
porygon2,https://pokeapi.co/api/v2/pokemon-species/233/,generation-ii,233
hitmontop,https://pokeapi.co/api/v2/pokemon-species/237/,generation-ii,237
blissey,https://pokeapi.co/api/v2/pokemon-species/242/,generation-ii,242
pupitar,https://pokeapi.co/api/v2/pokemon-species/247/,generation-ii,247
tyranitar,https://pokeapi.co/api/v2/pokemon-species/248/,generation-ii,248
bayleef,https://pokeapi.co/api/v2/pokemon-species/153/,generation-ii,153
mantine,https://pokeapi.co/api/v2/pokemon-species/226/,generation-ii,226
treecko,https://pokeapi.co/api/v2/pokemon-species/252/,generation-iii,252
torchic,https://pokeapi.co/api/v2/pokemon-species/255/,generation-iii,255
mudkip,https://pokeapi.co/api/v2/pokemon-species/258/,generation-iii,258
poochyena,https://pokeapi.co/api/v2/pokemon-species/261/,generation-iii,261
zigzagoon,https://pokeapi.co/api/v2/pokemon-species/263/,generation-iii,263
wurmple,https://pokeapi.co/api/v2/pokemon-species/265/,generation-iii,265
lotad,https://pokeapi.co/api/v2/pokemon-species/270/,generation-iii,270
seedot,https://pokeapi.co/api/v2/pokemon-species/273/,generation-iii,273
taillow,https://pokeapi.co/api/v2/pokemon-species/276/,generation-iii,276
wingull,https://pokeapi.co/api/v2/pokemon-species/278/,generation-iii,278
ralts,https://pokeapi.co/api/v2/pokemon-species/280/,generation-iii,280
surskit,https://pokeapi.co/api/v2/pokemon-species/283/,generation-iii,283
shroomish,https://pokeapi.co/api/v2/pokemon-species/285/,generation-iii,285
slakoth,https://pokeapi.co/api/v2/pokemon-species/287/,generation-iii,287
nincada,https://pokeapi.co/api/v2/pokemon-species/290/,generation-iii,290
whismur,https://pokeapi.co/api/v2/pokemon-species/293/,generation-iii,293
makuhita,https://pokeapi.co/api/v2/pokemon-species/296/,generation-iii,296
azurill,https://pokeapi.co/api/v2/pokemon-species/298/,generation-iii,298
nosepass,https://pokeapi.co/api/v2/pokemon-species/299/,generation-iii,299
skitty,https://pokeapi.co/api/v2/pokemon-species/300/,generation-iii,300
grovyle,https://pokeapi.co/api/v2/pokemon-species/253/,generation-iii,253
sceptile,https://pokeapi.co/api/v2/pokemon-species/254/,generation-iii,254
combusken,https://pokeapi.co/api/v2/pokemon-species/256/,generation-iii,256
blaziken,https://pokeapi.co/api/v2/pokemon-species/257/,generation-iii,257
marshtomp,https://pokeapi.co/api/v2/pokemon-species/259/,generation-iii,259
swampert,https://pokeapi.co/api/v2/pokemon-species/260/,generation-iii,260
mightyena,https://pokeapi.co/api/v2/pokemon-species/262/,generation-iii,262
linoone,https://pokeapi.co/api/v2/pokemon-species/264/,generation-iii,264
silcoon,https://pokeapi.co/api/v2/pokemon-species/266/,generation-iii,266
beautifly,https://pokeapi.co/api/v2/pokemon-species/267/,generation-iii,267
cascoon,https://pokeapi.co/api/v2/pokemon-species/268/,generation-iii,268
dustox,https://pokeapi.co/api/v2/pokemon-species/269/,generation-iii,269
lombre,https://pokeapi.co/api/v2/pokemon-species/271/,generation-iii,271
ludicolo,https://pokeapi.co/api/v2/pokemon-species/272/,generation-iii,272
nuzleaf,https://pokeapi.co/api/v2/pokemon-species/274/,generation-iii,274
shiftry,https://pokeapi.co/api/v2/pokemon-species/275/,generation-iii,275
swellow,https://pokeapi.co/api/v2/pokemon-species/277/,generation-iii,277
pelipper,https://pokeapi.co/api/v2/pokemon-species/279/,generation-iii,279
kirlia,https://pokeapi.co/api/v2/pokemon-species/281/,generation-iii,281
gardevoir,https://pokeapi.co/api/v2/pokemon-species/282/,generation-iii,282
masquerain,https://pokeapi.co/api/v2/pokemon-species/284/,generation-iii,284
breloom,https://pokeapi.co/api/v2/pokemon-species/286/,generation-iii,286
vigoroth,https://pokeapi.co/api/v2/pokemon-species/288/,generation-iii,288
slaking,https://pokeapi.co/api/v2/pokemon-species/289/,generation-iii,289
ninjask,https://pokeapi.co/api/v2/pokemon-species/291/,generation-iii,291
shedinja,https://pokeapi.co/api/v2/pokemon-species/292/,generation-iii,292
loudred,https://pokeapi.co/api/v2/pokemon-species/294/,generation-iii,294
exploud,https://pokeapi.co/api/v2/pokemon-species/295/,generation-iii,295
hariyama,https://pokeapi.co/api/v2/pokemon-species/297/,generation-iii,297
sableye,https://pokeapi.co/api/v2/pokemon-species/302/,generation-iii,302
mawile,https://pokeapi.co/api/v2/pokemon-species/303/,generation-iii,303
aron,https://pokeapi.co/api/v2/pokemon-species/304/,generation-iii,304
meditite,https://pokeapi.co/api/v2/pokemon-species/307/,generation-iii,307
electrike,https://pokeapi.co/api/v2/pokemon-species/309/,generation-iii,309
plusle,https://pokeapi.co/api/v2/pokemon-species/311/,generation-iii,311
minun,https://pokeapi.co/api/v2/pokemon-species/312/,generation-iii,312
volbeat,https://pokeapi.co/api/v2/pokemon-species/313/,generation-iii,313
illumise,https://pokeapi.co/api/v2/pokemon-species/314/,generation-iii,314
gulpin,https://pokeapi.co/api/v2/pokemon-species/316/,generation-iii,316
carvanha,https://pokeapi.co/api/v2/pokemon-species/318/,generation-iii,318
wailmer,https://pokeapi.co/api/v2/pokemon-species/320/,generation-iii,320
numel,https://pokeapi.co/api/v2/pokemon-species/322/,generation-iii,322
torkoal,https://pokeapi.co/api/v2/pokemon-species/324/,generation-iii,324
spoink,https://pokeapi.co/api/v2/pokemon-species/325/,generation-iii,325
spinda,https://pokeapi.co/api/v2/pokemon-species/327/,generation-iii,327
trapinch,https://pokeapi.co/api/v2/pokemon-species/328/,generation-iii,328
cacnea,https://pokeapi.co/api/v2/pokemon-species/331/,generation-iii,331
swablu,https://pokeapi.co/api/v2/pokemon-species/333/,generation-iii,333
zangoose,https://pokeapi.co/api/v2/pokemon-species/335/,generation-iii,335
seviper,https://pokeapi.co/api/v2/pokemon-species/336/,generation-iii,336
lunatone,https://pokeapi.co/api/v2/pokemon-species/337/,generation-iii,337
solrock,https://pokeapi.co/api/v2/pokemon-species/338/,generation-iii,338
barboach,https://pokeapi.co/api/v2/pokemon-species/339/,generation-iii,339
corphish,https://pokeapi.co/api/v2/pokemon-species/341/,generation-iii,341
baltoy,https://pokeapi.co/api/v2/pokemon-species/343/,generation-iii,343
lileep,https://pokeapi.co/api/v2/pokemon-species/345/,generation-iii,345
anorith,https://pokeapi.co/api/v2/pokemon-species/347/,generation-iii,347
feebas,https://pokeapi.co/api/v2/pokemon-species/349/,generation-iii,349
castform,https://pokeapi.co/api/v2/pokemon-species/351/,generation-iii,351
kecleon,https://pokeapi.co/api/v2/pokemon-species/352/,generation-iii,352
shuppet,https://pokeapi.co/api/v2/pokemon-species/353/,generation-iii,353
duskull,https://pokeapi.co/api/v2/pokemon-species/355/,generation-iii,355
tropius,https://pokeapi.co/api/v2/pokemon-species/357/,generation-iii,357
absol,https://pokeapi.co/api/v2/pokemon-species/359/,generation-iii,359
wynaut,https://pokeapi.co/api/v2/pokemon-species/360/,generation-iii,360
snorunt,https://pokeapi.co/api/v2/pokemon-species/361/,generation-iii,361
spheal,https://pokeapi.co/api/v2/pokemon-species/363/,generation-iii,363
clamperl,https://pokeapi.co/api/v2/pokemon-species/366/,generation-iii,366
relicanth,https://pokeapi.co/api/v2/pokemon-species/369/,generation-iii,369
luvdisc,https://pokeapi.co/api/v2/pokemon-species/370/,generation-iii,370
bagon,https://pokeapi.co/api/v2/pokemon-species/371/,generation-iii,371
beldum,https://pokeapi.co/api/v2/pokemon-species/374/,generation-iii,374
lairon,https://pokeapi.co/api/v2/pokemon-species/305/,generation-iii,305
aggron,https://pokeapi.co/api/v2/pokemon-species/306/,generation-iii,306
medicham,https://pokeapi.co/api/v2/pokemon-species/308/,generation-iii,308
manectric,https://pokeapi.co/api/v2/pokemon-species/310/,generation-iii,310
roselia,https://pokeapi.co/api/v2/pokemon-species/315/,generation-iii,315
swalot,https://pokeapi.co/api/v2/pokemon-species/317/,generation-iii,317
sharpedo,https://pokeapi.co/api/v2/pokemon-species/319/,generation-iii,319
wailord,https://pokeapi.co/api/v2/pokemon-species/321/,generation-iii,321
camerupt,https://pokeapi.co/api/v2/pokemon-species/323/,generation-iii,323
grumpig,https://pokeapi.co/api/v2/pokemon-species/326/,generation-iii,326
vibrava,https://pokeapi.co/api/v2/pokemon-species/329/,generation-iii,329
flygon,https://pokeapi.co/api/v2/pokemon-species/330/,generation-iii,330
cacturne,https://pokeapi.co/api/v2/pokemon-species/332/,generation-iii,332
altaria,https://pokeapi.co/api/v2/pokemon-species/334/,generation-iii,334
whiscash,https://pokeapi.co/api/v2/pokemon-species/340/,generation-iii,340
crawdaunt,https://pokeapi.co/api/v2/pokemon-species/342/,generation-iii,342
claydol,https://pokeapi.co/api/v2/pokemon-species/344/,generation-iii,344
cradily,https://pokeapi.co/api/v2/pokemon-species/346/,generation-iii,346
armaldo,https://pokeapi.co/api/v2/pokemon-species/348/,generation-iii,348
milotic,https://pokeapi.co/api/v2/pokemon-species/350/,generation-iii,350
banette,https://pokeapi.co/api/v2/pokemon-species/354/,generation-iii,354
dusclops,https://pokeapi.co/api/v2/pokemon-species/356/,generation-iii,356
chimecho,https://pokeapi.co/api/v2/pokemon-species/358/,generation-iii,358
glalie,https://pokeapi.co/api/v2/pokemon-species/362/,generation-iii,362
sealeo,https://pokeapi.co/api/v2/pokemon-species/364/,generation-iii,364
walrein,https://pokeapi.co/api/v2/pokemon-species/365/,generation-iii,365
huntail,https://pokeapi.co/api/v2/pokemon-species/367/,generation-iii,367
gorebyss,https://pokeapi.co/api/v2/pokemon-species/368/,generation-iii,368
shelgon,https://pokeapi.co/api/v2/pokemon-species/372/,generation-iii,372
salamence,https://pokeapi.co/api/v2/pokemon-species/373/,generation-iii,373
metang,https://pokeapi.co/api/v2/pokemon-species/375/,generation-iii,375
regirock,https://pokeapi.co/api/v2/pokemon-species/377/,generation-iii,377
regice,https://pokeapi.co/api/v2/pokemon-species/378/,generation-iii,378
registeel,https://pokeapi.co/api/v2/pokemon-species/379/,generation-iii,379
latias,https://pokeapi.co/api/v2/pokemon-species/380/,generation-iii,380
latios,https://pokeapi.co/api/v2/pokemon-species/381/,generation-iii,381
kyogre,https://pokeapi.co/api/v2/pokemon-species/382/,generation-iii,382
groudon,https://pokeapi.co/api/v2/pokemon-species/383/,generation-iii,383
rayquaza,https://pokeapi.co/api/v2/pokemon-species/384/,generation-iii,384
jirachi,https://pokeapi.co/api/v2/pokemon-species/385/,generation-iii,385
deoxys,https://pokeapi.co/api/v2/pokemon-species/386/,generation-iii,386
delcatty,https://pokeapi.co/api/v2/pokemon-species/301/,generation-iii,301
metagross,https://pokeapi.co/api/v2/pokemon-species/376/,generation-iii,376
turtwig,https://pokeapi.co/api/v2/pokemon-species/387/,generation-iv,387
chimchar,https://pokeapi.co/api/v2/pokemon-species/390/,generation-iv,390
piplup,https://pokeapi.co/api/v2/pokemon-species/393/,generation-iv,393
starly,https://pokeapi.co/api/v2/pokemon-species/396/,generation-iv,396
bidoof,https://pokeapi.co/api/v2/pokemon-species/399/,generation-iv,399
kricketot,https://pokeapi.co/api/v2/pokemon-species/401/,generation-iv,401
shinx,https://pokeapi.co/api/v2/pokemon-species/403/,generation-iv,403
budew,https://pokeapi.co/api/v2/pokemon-species/406/,generation-iv,406
cranidos,https://pokeapi.co/api/v2/pokemon-species/408/,generation-iv,408
shieldon,https://pokeapi.co/api/v2/pokemon-species/410/,generation-iv,410
burmy,https://pokeapi.co/api/v2/pokemon-species/412/,generation-iv,412
combee,https://pokeapi.co/api/v2/pokemon-species/415/,generation-iv,415
pachirisu,https://pokeapi.co/api/v2/pokemon-species/417/,generation-iv,417
buizel,https://pokeapi.co/api/v2/pokemon-species/418/,generation-iv,418
cherubi,https://pokeapi.co/api/v2/pokemon-species/420/,generation-iv,420
shellos,https://pokeapi.co/api/v2/pokemon-species/422/,generation-iv,422
drifloon,https://pokeapi.co/api/v2/pokemon-species/425/,generation-iv,425
buneary,https://pokeapi.co/api/v2/pokemon-species/427/,generation-iv,427
glameow,https://pokeapi.co/api/v2/pokemon-species/431/,generation-iv,431
chingling,https://pokeapi.co/api/v2/pokemon-species/433/,generation-iv,433
stunky,https://pokeapi.co/api/v2/pokemon-species/434/,generation-iv,434
bronzor,https://pokeapi.co/api/v2/pokemon-species/436/,generation-iv,436
bonsly,https://pokeapi.co/api/v2/pokemon-species/438/,generation-iv,438
mime-jr,https://pokeapi.co/api/v2/pokemon-species/439/,generation-iv,439
happiny,https://pokeapi.co/api/v2/pokemon-species/440/,generation-iv,440
chatot,https://pokeapi.co/api/v2/pokemon-species/441/,generation-iv,441
spiritomb,https://pokeapi.co/api/v2/pokemon-species/442/,generation-iv,442
gible,https://pokeapi.co/api/v2/pokemon-species/443/,generation-iv,443
munchlax,https://pokeapi.co/api/v2/pokemon-species/446/,generation-iv,446
riolu,https://pokeapi.co/api/v2/pokemon-species/447/,generation-iv,447
hippopotas,https://pokeapi.co/api/v2/pokemon-species/449/,generation-iv,449
skorupi,https://pokeapi.co/api/v2/pokemon-species/451/,generation-iv,451
croagunk,https://pokeapi.co/api/v2/pokemon-species/453/,generation-iv,453
grotle,https://pokeapi.co/api/v2/pokemon-species/388/,generation-iv,388
torterra,https://pokeapi.co/api/v2/pokemon-species/389/,generation-iv,389
infernape,https://pokeapi.co/api/v2/pokemon-species/392/,generation-iv,392
prinplup,https://pokeapi.co/api/v2/pokemon-species/394/,generation-iv,394
empoleon,https://pokeapi.co/api/v2/pokemon-species/395/,generation-iv,395
staravia,https://pokeapi.co/api/v2/pokemon-species/397/,generation-iv,397
staraptor,https://pokeapi.co/api/v2/pokemon-species/398/,generation-iv,398
bibarel,https://pokeapi.co/api/v2/pokemon-species/400/,generation-iv,400
kricketune,https://pokeapi.co/api/v2/pokemon-species/402/,generation-iv,402
luxio,https://pokeapi.co/api/v2/pokemon-species/404/,generation-iv,404
luxray,https://pokeapi.co/api/v2/pokemon-species/405/,generation-iv,405
roserade,https://pokeapi.co/api/v2/pokemon-species/407/,generation-iv,407
rampardos,https://pokeapi.co/api/v2/pokemon-species/409/,generation-iv,409
bastiodon,https://pokeapi.co/api/v2/pokemon-species/411/,generation-iv,411
wormadam,https://pokeapi.co/api/v2/pokemon-species/413/,generation-iv,413
mothim,https://pokeapi.co/api/v2/pokemon-species/414/,generation-iv,414
vespiquen,https://pokeapi.co/api/v2/pokemon-species/416/,generation-iv,416
floatzel,https://pokeapi.co/api/v2/pokemon-species/419/,generation-iv,419
cherrim,https://pokeapi.co/api/v2/pokemon-species/421/,generation-iv,421
ambipom,https://pokeapi.co/api/v2/pokemon-species/424/,generation-iv,424
drifblim,https://pokeapi.co/api/v2/pokemon-species/426/,generation-iv,426
lopunny,https://pokeapi.co/api/v2/pokemon-species/428/,generation-iv,428
mismagius,https://pokeapi.co/api/v2/pokemon-species/429/,generation-iv,429
honchkrow,https://pokeapi.co/api/v2/pokemon-species/430/,generation-iv,430
purugly,https://pokeapi.co/api/v2/pokemon-species/432/,generation-iv,432
skuntank,https://pokeapi.co/api/v2/pokemon-species/435/,generation-iv,435
bronzong,https://pokeapi.co/api/v2/pokemon-species/437/,generation-iv,437
gabite,https://pokeapi.co/api/v2/pokemon-species/444/,generation-iv,444
garchomp,https://pokeapi.co/api/v2/pokemon-species/445/,generation-iv,445
lucario,https://pokeapi.co/api/v2/pokemon-species/448/,generation-iv,448
hippowdon,https://pokeapi.co/api/v2/pokemon-species/450/,generation-iv,450
drapion,https://pokeapi.co/api/v2/pokemon-species/452/,generation-iv,452
carnivine,https://pokeapi.co/api/v2/pokemon-species/455/,generation-iv,455
finneon,https://pokeapi.co/api/v2/pokemon-species/456/,generation-iv,456
mantyke,https://pokeapi.co/api/v2/pokemon-species/458/,generation-iv,458
snover,https://pokeapi.co/api/v2/pokemon-species/459/,generation-iv,459
rotom,https://pokeapi.co/api/v2/pokemon-species/479/,generation-iv,479
uxie,https://pokeapi.co/api/v2/pokemon-species/480/,generation-iv,480
mesprit,https://pokeapi.co/api/v2/pokemon-species/481/,generation-iv,481
azelf,https://pokeapi.co/api/v2/pokemon-species/482/,generation-iv,482
dialga,https://pokeapi.co/api/v2/pokemon-species/483/,generation-iv,483
palkia,https://pokeapi.co/api/v2/pokemon-species/484/,generation-iv,484
heatran,https://pokeapi.co/api/v2/pokemon-species/485/,generation-iv,485
regigigas,https://pokeapi.co/api/v2/pokemon-species/486/,generation-iv,486
giratina,https://pokeapi.co/api/v2/pokemon-species/487/,generation-iv,487
cresselia,https://pokeapi.co/api/v2/pokemon-species/488/,generation-iv,488
phione,https://pokeapi.co/api/v2/pokemon-species/489/,generation-iv,489
manaphy,https://pokeapi.co/api/v2/pokemon-species/490/,generation-iv,490
darkrai,https://pokeapi.co/api/v2/pokemon-species/491/,generation-iv,491
shaymin,https://pokeapi.co/api/v2/pokemon-species/492/,generation-iv,492
arceus,https://pokeapi.co/api/v2/pokemon-species/493/,generation-iv,493
lumineon,https://pokeapi.co/api/v2/pokemon-species/457/,generation-iv,457
abomasnow,https://pokeapi.co/api/v2/pokemon-species/460/,generation-iv,460
weavile,https://pokeapi.co/api/v2/pokemon-species/461/,generation-iv,461
magnezone,https://pokeapi.co/api/v2/pokemon-species/462/,generation-iv,462
lickilicky,https://pokeapi.co/api/v2/pokemon-species/463/,generation-iv,463
rhyperior,https://pokeapi.co/api/v2/pokemon-species/464/,generation-iv,464
tangrowth,https://pokeapi.co/api/v2/pokemon-species/465/,generation-iv,465
electivire,https://pokeapi.co/api/v2/pokemon-species/466/,generation-iv,466
magmortar,https://pokeapi.co/api/v2/pokemon-species/467/,generation-iv,467
togekiss,https://pokeapi.co/api/v2/pokemon-species/468/,generation-iv,468
yanmega,https://pokeapi.co/api/v2/pokemon-species/469/,generation-iv,469
leafeon,https://pokeapi.co/api/v2/pokemon-species/470/,generation-iv,470
glaceon,https://pokeapi.co/api/v2/pokemon-species/471/,generation-iv,471
gliscor,https://pokeapi.co/api/v2/pokemon-species/472/,generation-iv,472
porygon-z,https://pokeapi.co/api/v2/pokemon-species/474/,generation-iv,474
gallade,https://pokeapi.co/api/v2/pokemon-species/475/,generation-iv,475
probopass,https://pokeapi.co/api/v2/pokemon-species/476/,generation-iv,476
dusknoir,https://pokeapi.co/api/v2/pokemon-species/477/,generation-iv,477
froslass,https://pokeapi.co/api/v2/pokemon-species/478/,generation-iv,478
monferno,https://pokeapi.co/api/v2/pokemon-species/391/,generation-iv,391
gastrodon,https://pokeapi.co/api/v2/pokemon-species/423/,generation-iv,423
toxicroak,https://pokeapi.co/api/v2/pokemon-species/454/,generation-iv,454
mamoswine,https://pokeapi.co/api/v2/pokemon-species/473/,generation-iv,473
victini,https://pokeapi.co/api/v2/pokemon-species/494/,generation-v,494
snivy,https://pokeapi.co/api/v2/pokemon-species/495/,generation-v,495
tepig,https://pokeapi.co/api/v2/pokemon-species/498/,generation-v,498
oshawott,https://pokeapi.co/api/v2/pokemon-species/501/,generation-v,501
patrat,https://pokeapi.co/api/v2/pokemon-species/504/,generation-v,504
lillipup,https://pokeapi.co/api/v2/pokemon-species/506/,generation-v,506
purrloin,https://pokeapi.co/api/v2/pokemon-species/509/,generation-v,509
pansage,https://pokeapi.co/api/v2/pokemon-species/511/,generation-v,511
pansear,https://pokeapi.co/api/v2/pokemon-species/513/,generation-v,513
panpour,https://pokeapi.co/api/v2/pokemon-species/515/,generation-v,515
munna,https://pokeapi.co/api/v2/pokemon-species/517/,generation-v,517
pidove,https://pokeapi.co/api/v2/pokemon-species/519/,generation-v,519
blitzle,https://pokeapi.co/api/v2/pokemon-species/522/,generation-v,522
roggenrola,https://pokeapi.co/api/v2/pokemon-species/524/,generation-v,524
woobat,https://pokeapi.co/api/v2/pokemon-species/527/,generation-v,527
drilbur,https://pokeapi.co/api/v2/pokemon-species/529/,generation-v,529
audino,https://pokeapi.co/api/v2/pokemon-species/531/,generation-v,531
servine,https://pokeapi.co/api/v2/pokemon-species/496/,generation-v,496
serperior,https://pokeapi.co/api/v2/pokemon-species/497/,generation-v,497
pignite,https://pokeapi.co/api/v2/pokemon-species/499/,generation-v,499
emboar,https://pokeapi.co/api/v2/pokemon-species/500/,generation-v,500
dewott,https://pokeapi.co/api/v2/pokemon-species/502/,generation-v,502
samurott,https://pokeapi.co/api/v2/pokemon-species/503/,generation-v,503
watchog,https://pokeapi.co/api/v2/pokemon-species/505/,generation-v,505
stoutland,https://pokeapi.co/api/v2/pokemon-species/508/,generation-v,508
liepard,https://pokeapi.co/api/v2/pokemon-species/510/,generation-v,510
simisage,https://pokeapi.co/api/v2/pokemon-species/512/,generation-v,512
simisear,https://pokeapi.co/api/v2/pokemon-species/514/,generation-v,514
simipour,https://pokeapi.co/api/v2/pokemon-species/516/,generation-v,516
musharna,https://pokeapi.co/api/v2/pokemon-species/518/,generation-v,518
tranquill,https://pokeapi.co/api/v2/pokemon-species/520/,generation-v,520
unfezant,https://pokeapi.co/api/v2/pokemon-species/521/,generation-v,521
zebstrika,https://pokeapi.co/api/v2/pokemon-species/523/,generation-v,523
boldore,https://pokeapi.co/api/v2/pokemon-species/525/,generation-v,525
gigalith,https://pokeapi.co/api/v2/pokemon-species/526/,generation-v,526
swoobat,https://pokeapi.co/api/v2/pokemon-species/528/,generation-v,528
excadrill,https://pokeapi.co/api/v2/pokemon-species/530/,generation-v,530
timburr,https://pokeapi.co/api/v2/pokemon-species/532/,generation-v,532
tympole,https://pokeapi.co/api/v2/pokemon-species/535/,generation-v,535
throh,https://pokeapi.co/api/v2/pokemon-species/538/,generation-v,538
sawk,https://pokeapi.co/api/v2/pokemon-species/539/,generation-v,539
sewaddle,https://pokeapi.co/api/v2/pokemon-species/540/,generation-v,540
venipede,https://pokeapi.co/api/v2/pokemon-species/543/,generation-v,543
cottonee,https://pokeapi.co/api/v2/pokemon-species/546/,generation-v,546
petilil,https://pokeapi.co/api/v2/pokemon-species/548/,generation-v,548
basculin,https://pokeapi.co/api/v2/pokemon-species/550/,generation-v,550
sandile,https://pokeapi.co/api/v2/pokemon-species/551/,generation-v,551
darumaka,https://pokeapi.co/api/v2/pokemon-species/554/,generation-v,554
maractus,https://pokeapi.co/api/v2/pokemon-species/556/,generation-v,556
dwebble,https://pokeapi.co/api/v2/pokemon-species/557/,generation-v,557
scraggy,https://pokeapi.co/api/v2/pokemon-species/559/,generation-v,559
sigilyph,https://pokeapi.co/api/v2/pokemon-species/561/,generation-v,561
yamask,https://pokeapi.co/api/v2/pokemon-species/562/,generation-v,562
tirtouga,https://pokeapi.co/api/v2/pokemon-species/564/,generation-v,564
archen,https://pokeapi.co/api/v2/pokemon-species/566/,generation-v,566
trubbish,https://pokeapi.co/api/v2/pokemon-species/568/,generation-v,568
zorua,https://pokeapi.co/api/v2/pokemon-species/570/,generation-v,570
minccino,https://pokeapi.co/api/v2/pokemon-species/572/,generation-v,572
gothita,https://pokeapi.co/api/v2/pokemon-species/574/,generation-v,574
solosis,https://pokeapi.co/api/v2/pokemon-species/577/,generation-v,577
ducklett,https://pokeapi.co/api/v2/pokemon-species/580/,generation-v,580
vanillite,https://pokeapi.co/api/v2/pokemon-species/582/,generation-v,582
deerling,https://pokeapi.co/api/v2/pokemon-species/585/,generation-v,585
emolga,https://pokeapi.co/api/v2/pokemon-species/587/,generation-v,587
karrablast,https://pokeapi.co/api/v2/pokemon-species/588/,generation-v,588
foongus,https://pokeapi.co/api/v2/pokemon-species/590/,generation-v,590
frillish,https://pokeapi.co/api/v2/pokemon-species/592/,generation-v,592
alomomola,https://pokeapi.co/api/v2/pokemon-species/594/,generation-v,594
joltik,https://pokeapi.co/api/v2/pokemon-species/595/,generation-v,595
ferroseed,https://pokeapi.co/api/v2/pokemon-species/597/,generation-v,597
klink,https://pokeapi.co/api/v2/pokemon-species/599/,generation-v,599
tynamo,https://pokeapi.co/api/v2/pokemon-species/602/,generation-v,602
elgyem,https://pokeapi.co/api/v2/pokemon-species/605/,generation-v,605
litwick,https://pokeapi.co/api/v2/pokemon-species/607/,generation-v,607
conkeldurr,https://pokeapi.co/api/v2/pokemon-species/534/,generation-v,534
palpitoad,https://pokeapi.co/api/v2/pokemon-species/536/,generation-v,536
seismitoad,https://pokeapi.co/api/v2/pokemon-species/537/,generation-v,537
swadloon,https://pokeapi.co/api/v2/pokemon-species/541/,generation-v,541
leavanny,https://pokeapi.co/api/v2/pokemon-species/542/,generation-v,542
whirlipede,https://pokeapi.co/api/v2/pokemon-species/544/,generation-v,544
scolipede,https://pokeapi.co/api/v2/pokemon-species/545/,generation-v,545
whimsicott,https://pokeapi.co/api/v2/pokemon-species/547/,generation-v,547
lilligant,https://pokeapi.co/api/v2/pokemon-species/549/,generation-v,549
krokorok,https://pokeapi.co/api/v2/pokemon-species/552/,generation-v,552
krookodile,https://pokeapi.co/api/v2/pokemon-species/553/,generation-v,553
darmanitan,https://pokeapi.co/api/v2/pokemon-species/555/,generation-v,555
crustle,https://pokeapi.co/api/v2/pokemon-species/558/,generation-v,558
scrafty,https://pokeapi.co/api/v2/pokemon-species/560/,generation-v,560
carracosta,https://pokeapi.co/api/v2/pokemon-species/565/,generation-v,565
archeops,https://pokeapi.co/api/v2/pokemon-species/567/,generation-v,567
garbodor,https://pokeapi.co/api/v2/pokemon-species/569/,generation-v,569
zoroark,https://pokeapi.co/api/v2/pokemon-species/571/,generation-v,571
cinccino,https://pokeapi.co/api/v2/pokemon-species/573/,generation-v,573
gothorita,https://pokeapi.co/api/v2/pokemon-species/575/,generation-v,575
gothitelle,https://pokeapi.co/api/v2/pokemon-species/576/,generation-v,576
duosion,https://pokeapi.co/api/v2/pokemon-species/578/,generation-v,578
reuniclus,https://pokeapi.co/api/v2/pokemon-species/579/,generation-v,579
swanna,https://pokeapi.co/api/v2/pokemon-species/581/,generation-v,581
vanillish,https://pokeapi.co/api/v2/pokemon-species/583/,generation-v,583
vanilluxe,https://pokeapi.co/api/v2/pokemon-species/584/,generation-v,584
sawsbuck,https://pokeapi.co/api/v2/pokemon-species/586/,generation-v,586
escavalier,https://pokeapi.co/api/v2/pokemon-species/589/,generation-v,589
amoonguss,https://pokeapi.co/api/v2/pokemon-species/591/,generation-v,591
jellicent,https://pokeapi.co/api/v2/pokemon-species/593/,generation-v,593
galvantula,https://pokeapi.co/api/v2/pokemon-species/596/,generation-v,596
ferrothorn,https://pokeapi.co/api/v2/pokemon-species/598/,generation-v,598
klang,https://pokeapi.co/api/v2/pokemon-species/600/,generation-v,600
eelektrik,https://pokeapi.co/api/v2/pokemon-species/603/,generation-v,603
eelektross,https://pokeapi.co/api/v2/pokemon-species/604/,generation-v,604
beheeyem,https://pokeapi.co/api/v2/pokemon-species/606/,generation-v,606
lampent,https://pokeapi.co/api/v2/pokemon-species/608/,generation-v,608
axew,https://pokeapi.co/api/v2/pokemon-species/610/,generation-v,610
cubchoo,https://pokeapi.co/api/v2/pokemon-species/613/,generation-v,613
cryogonal,https://pokeapi.co/api/v2/pokemon-species/615/,generation-v,615
shelmet,https://pokeapi.co/api/v2/pokemon-species/616/,generation-v,616
stunfisk,https://pokeapi.co/api/v2/pokemon-species/618/,generation-v,618
mienfoo,https://pokeapi.co/api/v2/pokemon-species/619/,generation-v,619
druddigon,https://pokeapi.co/api/v2/pokemon-species/621/,generation-v,621
golett,https://pokeapi.co/api/v2/pokemon-species/622/,generation-v,622
pawniard,https://pokeapi.co/api/v2/pokemon-species/624/,generation-v,624
bouffalant,https://pokeapi.co/api/v2/pokemon-species/626/,generation-v,626
rufflet,https://pokeapi.co/api/v2/pokemon-species/627/,generation-v,627
vullaby,https://pokeapi.co/api/v2/pokemon-species/629/,generation-v,629
heatmor,https://pokeapi.co/api/v2/pokemon-species/631/,generation-v,631
durant,https://pokeapi.co/api/v2/pokemon-species/632/,generation-v,632
deino,https://pokeapi.co/api/v2/pokemon-species/633/,generation-v,633
larvesta,https://pokeapi.co/api/v2/pokemon-species/636/,generation-v,636
cobalion,https://pokeapi.co/api/v2/pokemon-species/638/,generation-v,638
terrakion,https://pokeapi.co/api/v2/pokemon-species/639/,generation-v,639
virizion,https://pokeapi.co/api/v2/pokemon-species/640/,generation-v,640
tornadus,https://pokeapi.co/api/v2/pokemon-species/641/,generation-v,641
thundurus,https://pokeapi.co/api/v2/pokemon-species/642/,generation-v,642
reshiram,https://pokeapi.co/api/v2/pokemon-species/643/,generation-v,643
zekrom,https://pokeapi.co/api/v2/pokemon-species/644/,generation-v,644
landorus,https://pokeapi.co/api/v2/pokemon-species/645/,generation-v,645
kyurem,https://pokeapi.co/api/v2/pokemon-species/646/,generation-v,646
keldeo,https://pokeapi.co/api/v2/pokemon-species/647/,generation-v,647
meloetta,https://pokeapi.co/api/v2/pokemon-species/648/,generation-v,648
genesect,https://pokeapi.co/api/v2/pokemon-species/649/,generation-v,649
fraxure,https://pokeapi.co/api/v2/pokemon-species/611/,generation-v,611
haxorus,https://pokeapi.co/api/v2/pokemon-species/612/,generation-v,612
beartic,https://pokeapi.co/api/v2/pokemon-species/614/,generation-v,614
accelgor,https://pokeapi.co/api/v2/pokemon-species/617/,generation-v,617
golurk,https://pokeapi.co/api/v2/pokemon-species/623/,generation-v,623
bisharp,https://pokeapi.co/api/v2/pokemon-species/625/,generation-v,625
braviary,https://pokeapi.co/api/v2/pokemon-species/628/,generation-v,628
mandibuzz,https://pokeapi.co/api/v2/pokemon-species/630/,generation-v,630
zweilous,https://pokeapi.co/api/v2/pokemon-species/634/,generation-v,634
hydreigon,https://pokeapi.co/api/v2/pokemon-species/635/,generation-v,635
volcarona,https://pokeapi.co/api/v2/pokemon-species/637/,generation-v,637
herdier,https://pokeapi.co/api/v2/pokemon-species/507/,generation-v,507
gurdurr,https://pokeapi.co/api/v2/pokemon-species/533/,generation-v,533
cofagrigus,https://pokeapi.co/api/v2/pokemon-species/563/,generation-v,563
klinklang,https://pokeapi.co/api/v2/pokemon-species/601/,generation-v,601
chandelure,https://pokeapi.co/api/v2/pokemon-species/609/,generation-v,609
mienshao,https://pokeapi.co/api/v2/pokemon-species/620/,generation-v,620
chespin,https://pokeapi.co/api/v2/pokemon-species/650/,generation-vi,650
fennekin,https://pokeapi.co/api/v2/pokemon-species/653/,generation-vi,653
froakie,https://pokeapi.co/api/v2/pokemon-species/656/,generation-vi,656
bunnelby,https://pokeapi.co/api/v2/pokemon-species/659/,generation-vi,659
fletchling,https://pokeapi.co/api/v2/pokemon-species/661/,generation-vi,661
scatterbug,https://pokeapi.co/api/v2/pokemon-species/664/,generation-vi,664
litleo,https://pokeapi.co/api/v2/pokemon-species/667/,generation-vi,667
flabebe,https://pokeapi.co/api/v2/pokemon-species/669/,generation-vi,669
skiddo,https://pokeapi.co/api/v2/pokemon-species/672/,generation-vi,672
pancham,https://pokeapi.co/api/v2/pokemon-species/674/,generation-vi,674
furfrou,https://pokeapi.co/api/v2/pokemon-species/676/,generation-vi,676
espurr,https://pokeapi.co/api/v2/pokemon-species/677/,generation-vi,677
honedge,https://pokeapi.co/api/v2/pokemon-species/679/,generation-vi,679
spritzee,https://pokeapi.co/api/v2/pokemon-species/682/,generation-vi,682
swirlix,https://pokeapi.co/api/v2/pokemon-species/684/,generation-vi,684
inkay,https://pokeapi.co/api/v2/pokemon-species/686/,generation-vi,686
quilladin,https://pokeapi.co/api/v2/pokemon-species/651/,generation-vi,651
chesnaught,https://pokeapi.co/api/v2/pokemon-species/652/,generation-vi,652
braixen,https://pokeapi.co/api/v2/pokemon-species/654/,generation-vi,654
delphox,https://pokeapi.co/api/v2/pokemon-species/655/,generation-vi,655
frogadier,https://pokeapi.co/api/v2/pokemon-species/657/,generation-vi,657
greninja,https://pokeapi.co/api/v2/pokemon-species/658/,generation-vi,658
diggersby,https://pokeapi.co/api/v2/pokemon-species/660/,generation-vi,660
fletchinder,https://pokeapi.co/api/v2/pokemon-species/662/,generation-vi,662
talonflame,https://pokeapi.co/api/v2/pokemon-species/663/,generation-vi,663
spewpa,https://pokeapi.co/api/v2/pokemon-species/665/,generation-vi,665
pyroar,https://pokeapi.co/api/v2/pokemon-species/668/,generation-vi,668
floette,https://pokeapi.co/api/v2/pokemon-species/670/,generation-vi,670
florges,https://pokeapi.co/api/v2/pokemon-species/671/,generation-vi,671
gogoat,https://pokeapi.co/api/v2/pokemon-species/673/,generation-vi,673
pangoro,https://pokeapi.co/api/v2/pokemon-species/675/,generation-vi,675
meowstic,https://pokeapi.co/api/v2/pokemon-species/678/,generation-vi,678
doublade,https://pokeapi.co/api/v2/pokemon-species/680/,generation-vi,680
aegislash,https://pokeapi.co/api/v2/pokemon-species/681/,generation-vi,681
aromatisse,https://pokeapi.co/api/v2/pokemon-species/683/,generation-vi,683
slurpuff,https://pokeapi.co/api/v2/pokemon-species/685/,generation-vi,685
binacle,https://pokeapi.co/api/v2/pokemon-species/688/,generation-vi,688
skrelp,https://pokeapi.co/api/v2/pokemon-species/690/,generation-vi,690
clauncher,https://pokeapi.co/api/v2/pokemon-species/692/,generation-vi,692
helioptile,https://pokeapi.co/api/v2/pokemon-species/694/,generation-vi,694
tyrunt,https://pokeapi.co/api/v2/pokemon-species/696/,generation-vi,696
amaura,https://pokeapi.co/api/v2/pokemon-species/698/,generation-vi,698
hawlucha,https://pokeapi.co/api/v2/pokemon-species/701/,generation-vi,701
dedenne,https://pokeapi.co/api/v2/pokemon-species/702/,generation-vi,702
carbink,https://pokeapi.co/api/v2/pokemon-species/703/,generation-vi,703
goomy,https://pokeapi.co/api/v2/pokemon-species/704/,generation-vi,704
klefki,https://pokeapi.co/api/v2/pokemon-species/707/,generation-vi,707
phantump,https://pokeapi.co/api/v2/pokemon-species/708/,generation-vi,708
pumpkaboo,https://pokeapi.co/api/v2/pokemon-species/710/,generation-vi,710
bergmite,https://pokeapi.co/api/v2/pokemon-species/712/,generation-vi,712
noibat,https://pokeapi.co/api/v2/pokemon-species/714/,generation-vi,714
xerneas,https://pokeapi.co/api/v2/pokemon-species/716/,generation-vi,716
yveltal,https://pokeapi.co/api/v2/pokemon-species/717/,generation-vi,717
zygarde,https://pokeapi.co/api/v2/pokemon-species/718/,generation-vi,718
diancie,https://pokeapi.co/api/v2/pokemon-species/719/,generation-vi,719
hoopa,https://pokeapi.co/api/v2/pokemon-species/720/,generation-vi,720
volcanion,https://pokeapi.co/api/v2/pokemon-species/721/,generation-vi,721
barbaracle,https://pokeapi.co/api/v2/pokemon-species/689/,generation-vi,689
dragalge,https://pokeapi.co/api/v2/pokemon-species/691/,generation-vi,691
clawitzer,https://pokeapi.co/api/v2/pokemon-species/693/,generation-vi,693
heliolisk,https://pokeapi.co/api/v2/pokemon-species/695/,generation-vi,695
aurorus,https://pokeapi.co/api/v2/pokemon-species/699/,generation-vi,699
sylveon,https://pokeapi.co/api/v2/pokemon-species/700/,generation-vi,700
sliggoo,https://pokeapi.co/api/v2/pokemon-species/705/,generation-vi,705
goodra,https://pokeapi.co/api/v2/pokemon-species/706/,generation-vi,706
trevenant,https://pokeapi.co/api/v2/pokemon-species/709/,generation-vi,709
gourgeist,https://pokeapi.co/api/v2/pokemon-species/711/,generation-vi,711
avalugg,https://pokeapi.co/api/v2/pokemon-species/713/,generation-vi,713
noivern,https://pokeapi.co/api/v2/pokemon-species/715/,generation-vi,715
vivillon,https://pokeapi.co/api/v2/pokemon-species/666/,generation-vi,666
malamar,https://pokeapi.co/api/v2/pokemon-species/687/,generation-vi,687
tyrantrum,https://pokeapi.co/api/v2/pokemon-species/697/,generation-vi,697
rowlet,https://pokeapi.co/api/v2/pokemon-species/722/,generation-vii,722
litten,https://pokeapi.co/api/v2/pokemon-species/725/,generation-vii,725
popplio,https://pokeapi.co/api/v2/pokemon-species/728/,generation-vii,728
pikipek,https://pokeapi.co/api/v2/pokemon-species/731/,generation-vii,731
yungoos,https://pokeapi.co/api/v2/pokemon-species/734/,generation-vii,734
grubbin,https://pokeapi.co/api/v2/pokemon-species/736/,generation-vii,736
crabrawler,https://pokeapi.co/api/v2/pokemon-species/739/,generation-vii,739
oricorio,https://pokeapi.co/api/v2/pokemon-species/741/,generation-vii,741
cutiefly,https://pokeapi.co/api/v2/pokemon-species/742/,generation-vii,742
rockruff,https://pokeapi.co/api/v2/pokemon-species/744/,generation-vii,744
wishiwashi,https://pokeapi.co/api/v2/pokemon-species/746/,generation-vii,746
mareanie,https://pokeapi.co/api/v2/pokemon-species/747/,generation-vii,747
mudbray,https://pokeapi.co/api/v2/pokemon-species/749/,generation-vii,749
dewpider,https://pokeapi.co/api/v2/pokemon-species/751/,generation-vii,751
fomantis,https://pokeapi.co/api/v2/pokemon-species/753/,generation-vii,753
morelull,https://pokeapi.co/api/v2/pokemon-species/755/,generation-vii,755
salandit,https://pokeapi.co/api/v2/pokemon-species/757/,generation-vii,757
stufful,https://pokeapi.co/api/v2/pokemon-species/759/,generation-vii,759
bounsweet,https://pokeapi.co/api/v2/pokemon-species/761/,generation-vii,761
comfey,https://pokeapi.co/api/v2/pokemon-species/764/,generation-vii,764
dartrix,https://pokeapi.co/api/v2/pokemon-species/723/,generation-vii,723
decidueye,https://pokeapi.co/api/v2/pokemon-species/724/,generation-vii,724
torracat,https://pokeapi.co/api/v2/pokemon-species/726/,generation-vii,726
incineroar,https://pokeapi.co/api/v2/pokemon-species/727/,generation-vii,727
primarina,https://pokeapi.co/api/v2/pokemon-species/730/,generation-vii,730
trumbeak,https://pokeapi.co/api/v2/pokemon-species/732/,generation-vii,732
toucannon,https://pokeapi.co/api/v2/pokemon-species/733/,generation-vii,733
gumshoos,https://pokeapi.co/api/v2/pokemon-species/735/,generation-vii,735
charjabug,https://pokeapi.co/api/v2/pokemon-species/737/,generation-vii,737
vikavolt,https://pokeapi.co/api/v2/pokemon-species/738/,generation-vii,738
crabominable,https://pokeapi.co/api/v2/pokemon-species/740/,generation-vii,740
ribombee,https://pokeapi.co/api/v2/pokemon-species/743/,generation-vii,743
lycanroc,https://pokeapi.co/api/v2/pokemon-species/745/,generation-vii,745
toxapex,https://pokeapi.co/api/v2/pokemon-species/748/,generation-vii,748
mudsdale,https://pokeapi.co/api/v2/pokemon-species/750/,generation-vii,750
araquanid,https://pokeapi.co/api/v2/pokemon-species/752/,generation-vii,752
lurantis,https://pokeapi.co/api/v2/pokemon-species/754/,generation-vii,754
shiinotic,https://pokeapi.co/api/v2/pokemon-species/756/,generation-vii,756
salazzle,https://pokeapi.co/api/v2/pokemon-species/758/,generation-vii,758
bewear,https://pokeapi.co/api/v2/pokemon-species/760/,generation-vii,760
steenee,https://pokeapi.co/api/v2/pokemon-species/762/,generation-vii,762
oranguru,https://pokeapi.co/api/v2/pokemon-species/765/,generation-vii,765
passimian,https://pokeapi.co/api/v2/pokemon-species/766/,generation-vii,766
wimpod,https://pokeapi.co/api/v2/pokemon-species/767/,generation-vii,767
sandygast,https://pokeapi.co/api/v2/pokemon-species/769/,generation-vii,769
pyukumuku,https://pokeapi.co/api/v2/pokemon-species/771/,generation-vii,771
type-null,https://pokeapi.co/api/v2/pokemon-species/772/,generation-vii,772
minior,https://pokeapi.co/api/v2/pokemon-species/774/,generation-vii,774
komala,https://pokeapi.co/api/v2/pokemon-species/775/,generation-vii,775
turtonator,https://pokeapi.co/api/v2/pokemon-species/776/,generation-vii,776
togedemaru,https://pokeapi.co/api/v2/pokemon-species/777/,generation-vii,777
mimikyu,https://pokeapi.co/api/v2/pokemon-species/778/,generation-vii,778
bruxish,https://pokeapi.co/api/v2/pokemon-species/779/,generation-vii,779
drampa,https://pokeapi.co/api/v2/pokemon-species/780/,generation-vii,780
dhelmise,https://pokeapi.co/api/v2/pokemon-species/781/,generation-vii,781
jangmo-o,https://pokeapi.co/api/v2/pokemon-species/782/,generation-vii,782
tapu-koko,https://pokeapi.co/api/v2/pokemon-species/785/,generation-vii,785
tapu-lele,https://pokeapi.co/api/v2/pokemon-species/786/,generation-vii,786
tapu-bulu,https://pokeapi.co/api/v2/pokemon-species/787/,generation-vii,787
tapu-fini,https://pokeapi.co/api/v2/pokemon-species/788/,generation-vii,788
cosmog,https://pokeapi.co/api/v2/pokemon-species/789/,generation-vii,789
nihilego,https://pokeapi.co/api/v2/pokemon-species/793/,generation-vii,793
buzzwole,https://pokeapi.co/api/v2/pokemon-species/794/,generation-vii,794
pheromosa,https://pokeapi.co/api/v2/pokemon-species/795/,generation-vii,795
xurkitree,https://pokeapi.co/api/v2/pokemon-species/796/,generation-vii,796
celesteela,https://pokeapi.co/api/v2/pokemon-species/797/,generation-vii,797
kartana,https://pokeapi.co/api/v2/pokemon-species/798/,generation-vii,798
guzzlord,https://pokeapi.co/api/v2/pokemon-species/799/,generation-vii,799
necrozma,https://pokeapi.co/api/v2/pokemon-species/800/,generation-vii,800
magearna,https://pokeapi.co/api/v2/pokemon-species/801/,generation-vii,801
marshadow,https://pokeapi.co/api/v2/pokemon-species/802/,generation-vii,802
poipole,https://pokeapi.co/api/v2/pokemon-species/803/,generation-vii,803
stakataka,https://pokeapi.co/api/v2/pokemon-species/805/,generation-vii,805
blacephalon,https://pokeapi.co/api/v2/pokemon-species/806/,generation-vii,806
zeraora,https://pokeapi.co/api/v2/pokemon-species/807/,generation-vii,807
meltan,https://pokeapi.co/api/v2/pokemon-species/808/,generation-vii,808
silvally,https://pokeapi.co/api/v2/pokemon-species/773/,generation-vii,773
hakamo-o,https://pokeapi.co/api/v2/pokemon-species/783/,generation-vii,783
kommo-o,https://pokeapi.co/api/v2/pokemon-species/784/,generation-vii,784
cosmoem,https://pokeapi.co/api/v2/pokemon-species/790/,generation-vii,790
solgaleo,https://pokeapi.co/api/v2/pokemon-species/791/,generation-vii,791
lunala,https://pokeapi.co/api/v2/pokemon-species/792/,generation-vii,792
naganadel,https://pokeapi.co/api/v2/pokemon-species/804/,generation-vii,804
melmetal,https://pokeapi.co/api/v2/pokemon-species/809/,generation-vii,809
brionne,https://pokeapi.co/api/v2/pokemon-species/729/,generation-vii,729
tsareena,https://pokeapi.co/api/v2/pokemon-species/763/,generation-vii,763
golisopod,https://pokeapi.co/api/v2/pokemon-species/768/,generation-vii,768
palossand,https://pokeapi.co/api/v2/pokemon-species/770/,generation-vii,770
grookey,https://pokeapi.co/api/v2/pokemon-species/810/,generation-viii,810
scorbunny,https://pokeapi.co/api/v2/pokemon-species/813/,generation-viii,813
sobble,https://pokeapi.co/api/v2/pokemon-species/816/,generation-viii,816
skwovet,https://pokeapi.co/api/v2/pokemon-species/819/,generation-viii,819
rookidee,https://pokeapi.co/api/v2/pokemon-species/821/,generation-viii,821
blipbug,https://pokeapi.co/api/v2/pokemon-species/824/,generation-viii,824
nickit,https://pokeapi.co/api/v2/pokemon-species/827/,generation-viii,827
gossifleur,https://pokeapi.co/api/v2/pokemon-species/829/,generation-viii,829
wooloo,https://pokeapi.co/api/v2/pokemon-species/831/,generation-viii,831
chewtle,https://pokeapi.co/api/v2/pokemon-species/833/,generation-viii,833
yamper,https://pokeapi.co/api/v2/pokemon-species/835/,generation-viii,835
rolycoly,https://pokeapi.co/api/v2/pokemon-species/837/,generation-viii,837
applin,https://pokeapi.co/api/v2/pokemon-species/840/,generation-viii,840
thwackey,https://pokeapi.co/api/v2/pokemon-species/811/,generation-viii,811
rillaboom,https://pokeapi.co/api/v2/pokemon-species/812/,generation-viii,812
raboot,https://pokeapi.co/api/v2/pokemon-species/814/,generation-viii,814
cinderace,https://pokeapi.co/api/v2/pokemon-species/815/,generation-viii,815
drizzile,https://pokeapi.co/api/v2/pokemon-species/817/,generation-viii,817
inteleon,https://pokeapi.co/api/v2/pokemon-species/818/,generation-viii,818
greedent,https://pokeapi.co/api/v2/pokemon-species/820/,generation-viii,820
corvisquire,https://pokeapi.co/api/v2/pokemon-species/822/,generation-viii,822
corviknight,https://pokeapi.co/api/v2/pokemon-species/823/,generation-viii,823
dottler,https://pokeapi.co/api/v2/pokemon-species/825/,generation-viii,825
thievul,https://pokeapi.co/api/v2/pokemon-species/828/,generation-viii,828
eldegoss,https://pokeapi.co/api/v2/pokemon-species/830/,generation-viii,830
dubwool,https://pokeapi.co/api/v2/pokemon-species/832/,generation-viii,832
drednaw,https://pokeapi.co/api/v2/pokemon-species/834/,generation-viii,834
boltund,https://pokeapi.co/api/v2/pokemon-species/836/,generation-viii,836
carkol,https://pokeapi.co/api/v2/pokemon-species/838/,generation-viii,838
coalossal,https://pokeapi.co/api/v2/pokemon-species/839/,generation-viii,839
flapple,https://pokeapi.co/api/v2/pokemon-species/841/,generation-viii,841
silicobra,https://pokeapi.co/api/v2/pokemon-species/843/,generation-viii,843
cramorant,https://pokeapi.co/api/v2/pokemon-species/845/,generation-viii,845
arrokuda,https://pokeapi.co/api/v2/pokemon-species/846/,generation-viii,846
toxel,https://pokeapi.co/api/v2/pokemon-species/848/,generation-viii,848
sizzlipede,https://pokeapi.co/api/v2/pokemon-species/850/,generation-viii,850
clobbopus,https://pokeapi.co/api/v2/pokemon-species/852/,generation-viii,852
sinistea,https://pokeapi.co/api/v2/pokemon-species/854/,generation-viii,854
hatenna,https://pokeapi.co/api/v2/pokemon-species/856/,generation-viii,856
impidimp,https://pokeapi.co/api/v2/pokemon-species/859/,generation-viii,859
milcery,https://pokeapi.co/api/v2/pokemon-species/868/,generation-viii,868
falinks,https://pokeapi.co/api/v2/pokemon-species/870/,generation-viii,870
pincurchin,https://pokeapi.co/api/v2/pokemon-species/871/,generation-viii,871
snom,https://pokeapi.co/api/v2/pokemon-species/872/,generation-viii,872
stonjourner,https://pokeapi.co/api/v2/pokemon-species/874/,generation-viii,874
eiscue,https://pokeapi.co/api/v2/pokemon-species/875/,generation-viii,875
indeedee,https://pokeapi.co/api/v2/pokemon-species/876/,generation-viii,876
morpeko,https://pokeapi.co/api/v2/pokemon-species/877/,generation-viii,877
cufant,https://pokeapi.co/api/v2/pokemon-species/878/,generation-viii,878
dracozolt,https://pokeapi.co/api/v2/pokemon-species/880/,generation-viii,880
arctozolt,https://pokeapi.co/api/v2/pokemon-species/881/,generation-viii,881
dracovish,https://pokeapi.co/api/v2/pokemon-species/882/,generation-viii,882
arctovish,https://pokeapi.co/api/v2/pokemon-species/883/,generation-viii,883
duraludon,https://pokeapi.co/api/v2/pokemon-species/884/,generation-viii,884
dreepy,https://pokeapi.co/api/v2/pokemon-species/885/,generation-viii,885
zacian,https://pokeapi.co/api/v2/pokemon-species/888/,generation-viii,888
zamazenta,https://pokeapi.co/api/v2/pokemon-species/889/,generation-viii,889
eternatus,https://pokeapi.co/api/v2/pokemon-species/890/,generation-viii,890
kubfu,https://pokeapi.co/api/v2/pokemon-species/891/,generation-viii,891
zarude,https://pokeapi.co/api/v2/pokemon-species/893/,generation-viii,893
regieleki,https://pokeapi.co/api/v2/pokemon-species/894/,generation-viii,894
regidrago,https://pokeapi.co/api/v2/pokemon-species/895/,generation-viii,895
glastrier,https://pokeapi.co/api/v2/pokemon-species/896/,generation-viii,896
spectrier,https://pokeapi.co/api/v2/pokemon-species/897/,generation-viii,897
calyrex,https://pokeapi.co/api/v2/pokemon-species/898/,generation-viii,898
enamorus,https://pokeapi.co/api/v2/pokemon-species/905/,generation-viii,905
sandaconda,https://pokeapi.co/api/v2/pokemon-species/844/,generation-viii,844
barraskewda,https://pokeapi.co/api/v2/pokemon-species/847/,generation-viii,847
toxtricity,https://pokeapi.co/api/v2/pokemon-species/849/,generation-viii,849
centiskorch,https://pokeapi.co/api/v2/pokemon-species/851/,generation-viii,851
grapploct,https://pokeapi.co/api/v2/pokemon-species/853/,generation-viii,853
polteageist,https://pokeapi.co/api/v2/pokemon-species/855/,generation-viii,855
hattrem,https://pokeapi.co/api/v2/pokemon-species/857/,generation-viii,857
hatterene,https://pokeapi.co/api/v2/pokemon-species/858/,generation-viii,858
grimmsnarl,https://pokeapi.co/api/v2/pokemon-species/861/,generation-viii,861
obstagoon,https://pokeapi.co/api/v2/pokemon-species/862/,generation-viii,862
perrserker,https://pokeapi.co/api/v2/pokemon-species/863/,generation-viii,863
cursola,https://pokeapi.co/api/v2/pokemon-species/864/,generation-viii,864
sirfetchd,https://pokeapi.co/api/v2/pokemon-species/865/,generation-viii,865
mr-rime,https://pokeapi.co/api/v2/pokemon-species/866/,generation-viii,866
runerigus,https://pokeapi.co/api/v2/pokemon-species/867/,generation-viii,867
alcremie,https://pokeapi.co/api/v2/pokemon-species/869/,generation-viii,869
frosmoth,https://pokeapi.co/api/v2/pokemon-species/873/,generation-viii,873
copperajah,https://pokeapi.co/api/v2/pokemon-species/879/,generation-viii,879
drakloak,https://pokeapi.co/api/v2/pokemon-species/886/,generation-viii,886
dragapult,https://pokeapi.co/api/v2/pokemon-species/887/,generation-viii,887
urshifu,https://pokeapi.co/api/v2/pokemon-species/892/,generation-viii,892
wyrdeer,https://pokeapi.co/api/v2/pokemon-species/899/,generation-viii,899
kleavor,https://pokeapi.co/api/v2/pokemon-species/900/,generation-viii,900
ursaluna,https://pokeapi.co/api/v2/pokemon-species/901/,generation-viii,901
basculegion,https://pokeapi.co/api/v2/pokemon-species/902/,generation-viii,902
overqwil,https://pokeapi.co/api/v2/pokemon-species/904/,generation-viii,904
orbeetle,https://pokeapi.co/api/v2/pokemon-species/826/,generation-viii,826
appletun,https://pokeapi.co/api/v2/pokemon-species/842/,generation-viii,842
morgrem,https://pokeapi.co/api/v2/pokemon-species/860/,generation-viii,860
sneasler,https://pokeapi.co/api/v2/pokemon-species/903/,generation-viii,903
lokix,https://pokeapi.co/api/v2/pokemon-species/920/,generation-ix,920
sprigatito,https://pokeapi.co/api/v2/pokemon-species/906/,generation-ix,906
fuecoco,https://pokeapi.co/api/v2/pokemon-species/909/,generation-ix,909
quaxly,https://pokeapi.co/api/v2/pokemon-species/912/,generation-ix,912
lechonk,https://pokeapi.co/api/v2/pokemon-species/915/,generation-ix,915
tarountula,https://pokeapi.co/api/v2/pokemon-species/917/,generation-ix,917
nymble,https://pokeapi.co/api/v2/pokemon-species/919/,generation-ix,919
floragato,https://pokeapi.co/api/v2/pokemon-species/907/,generation-ix,907
meowscarada,https://pokeapi.co/api/v2/pokemon-species/908/,generation-ix,908
crocalor,https://pokeapi.co/api/v2/pokemon-species/910/,generation-ix,910
skeledirge,https://pokeapi.co/api/v2/pokemon-species/911/,generation-ix,911
quaxwell,https://pokeapi.co/api/v2/pokemon-species/913/,generation-ix,913
quaquaval,https://pokeapi.co/api/v2/pokemon-species/914/,generation-ix,914
oinkologne,https://pokeapi.co/api/v2/pokemon-species/916/,generation-ix,916
spidops,https://pokeapi.co/api/v2/pokemon-species/918/,generation-ix,918
pawmi,https://pokeapi.co/api/v2/pokemon-species/921/,generation-ix,921
tandemaus,https://pokeapi.co/api/v2/pokemon-species/924/,generation-ix,924
fidough,https://pokeapi.co/api/v2/pokemon-species/926/,generation-ix,926
smoliv,https://pokeapi.co/api/v2/pokemon-species/928/,generation-ix,928
squawkabilly,https://pokeapi.co/api/v2/pokemon-species/931/,generation-ix,931
nacli,https://pokeapi.co/api/v2/pokemon-species/932/,generation-ix,932
charcadet,https://pokeapi.co/api/v2/pokemon-species/935/,generation-ix,935
tadbulb,https://pokeapi.co/api/v2/pokemon-species/938/,generation-ix,938
wattrel,https://pokeapi.co/api/v2/pokemon-species/940/,generation-ix,940
maschiff,https://pokeapi.co/api/v2/pokemon-species/942/,generation-ix,942
shroodle,https://pokeapi.co/api/v2/pokemon-species/944/,generation-ix,944
bramblin,https://pokeapi.co/api/v2/pokemon-species/946/,generation-ix,946
toedscool,https://pokeapi.co/api/v2/pokemon-species/948/,generation-ix,948
klawf,https://pokeapi.co/api/v2/pokemon-species/950/,generation-ix,950
capsakid,https://pokeapi.co/api/v2/pokemon-species/951/,generation-ix,951
rellor,https://pokeapi.co/api/v2/pokemon-species/953/,generation-ix,953
flittle,https://pokeapi.co/api/v2/pokemon-species/955/,generation-ix,955
tinkatink,https://pokeapi.co/api/v2/pokemon-species/957/,generation-ix,957
wiglett,https://pokeapi.co/api/v2/pokemon-species/960/,generation-ix,960
bombirdier,https://pokeapi.co/api/v2/pokemon-species/962/,generation-ix,962
finizen,https://pokeapi.co/api/v2/pokemon-species/963/,generation-ix,963
varoom,https://pokeapi.co/api/v2/pokemon-species/965/,generation-ix,965
cyclizar,https://pokeapi.co/api/v2/pokemon-species/967/,generation-ix,967
orthworm,https://pokeapi.co/api/v2/pokemon-species/968/,generation-ix,968
glimmet,https://pokeapi.co/api/v2/pokemon-species/969/,generation-ix,969
greavard,https://pokeapi.co/api/v2/pokemon-species/971/,generation-ix,971
flamigo,https://pokeapi.co/api/v2/pokemon-species/973/,generation-ix,973
cetoddle,https://pokeapi.co/api/v2/pokemon-species/974/,generation-ix,974
veluza,https://pokeapi.co/api/v2/pokemon-species/976/,generation-ix,976
dondozo,https://pokeapi.co/api/v2/pokemon-species/977/,generation-ix,977
tatsugiri,https://pokeapi.co/api/v2/pokemon-species/978/,generation-ix,978
great-tusk,https://pokeapi.co/api/v2/pokemon-species/984/,generation-ix,984
scream-tail,https://pokeapi.co/api/v2/pokemon-species/985/,generation-ix,985
brute-bonnet,https://pokeapi.co/api/v2/pokemon-species/986/,generation-ix,986
flutter-mane,https://pokeapi.co/api/v2/pokemon-species/987/,generation-ix,987
slither-wing,https://pokeapi.co/api/v2/pokemon-species/988/,generation-ix,988
sandy-shocks,https://pokeapi.co/api/v2/pokemon-species/989/,generation-ix,989
iron-treads,https://pokeapi.co/api/v2/pokemon-species/990/,generation-ix,990
iron-bundle,https://pokeapi.co/api/v2/pokemon-species/991/,generation-ix,991
iron-hands,https://pokeapi.co/api/v2/pokemon-species/992/,generation-ix,992
iron-jugulis,https://pokeapi.co/api/v2/pokemon-species/993/,generation-ix,993
iron-moth,https://pokeapi.co/api/v2/pokemon-species/994/,generation-ix,994
iron-thorns,https://pokeapi.co/api/v2/pokemon-species/995/,generation-ix,995
frigibax,https://pokeapi.co/api/v2/pokemon-species/996/,generation-ix,996
pawmot,https://pokeapi.co/api/v2/pokemon-species/923/,generation-ix,923
maushold,https://pokeapi.co/api/v2/pokemon-species/925/,generation-ix,925
dachsbun,https://pokeapi.co/api/v2/pokemon-species/927/,generation-ix,927
dolliv,https://pokeapi.co/api/v2/pokemon-species/929/,generation-ix,929
naclstack,https://pokeapi.co/api/v2/pokemon-species/933/,generation-ix,933
garganacl,https://pokeapi.co/api/v2/pokemon-species/934/,generation-ix,934
armarouge,https://pokeapi.co/api/v2/pokemon-species/936/,generation-ix,936
ceruledge,https://pokeapi.co/api/v2/pokemon-species/937/,generation-ix,937
bellibolt,https://pokeapi.co/api/v2/pokemon-species/939/,generation-ix,939
kilowattrel,https://pokeapi.co/api/v2/pokemon-species/941/,generation-ix,941
mabosstiff,https://pokeapi.co/api/v2/pokemon-species/943/,generation-ix,943
grafaiai,https://pokeapi.co/api/v2/pokemon-species/945/,generation-ix,945
brambleghast,https://pokeapi.co/api/v2/pokemon-species/947/,generation-ix,947
toedscruel,https://pokeapi.co/api/v2/pokemon-species/949/,generation-ix,949
scovillain,https://pokeapi.co/api/v2/pokemon-species/952/,generation-ix,952
rabsca,https://pokeapi.co/api/v2/pokemon-species/954/,generation-ix,954
espathra,https://pokeapi.co/api/v2/pokemon-species/956/,generation-ix,956
tinkatuff,https://pokeapi.co/api/v2/pokemon-species/958/,generation-ix,958
tinkaton,https://pokeapi.co/api/v2/pokemon-species/959/,generation-ix,959
wugtrio,https://pokeapi.co/api/v2/pokemon-species/961/,generation-ix,961
palafin,https://pokeapi.co/api/v2/pokemon-species/964/,generation-ix,964
glimmora,https://pokeapi.co/api/v2/pokemon-species/970/,generation-ix,970
houndstone,https://pokeapi.co/api/v2/pokemon-species/972/,generation-ix,972
cetitan,https://pokeapi.co/api/v2/pokemon-species/975/,generation-ix,975
annihilape,https://pokeapi.co/api/v2/pokemon-species/979/,generation-ix,979
clodsire,https://pokeapi.co/api/v2/pokemon-species/980/,generation-ix,980
farigiraf,https://pokeapi.co/api/v2/pokemon-species/981/,generation-ix,981
dudunsparce,https://pokeapi.co/api/v2/pokemon-species/982/,generation-ix,982
kingambit,https://pokeapi.co/api/v2/pokemon-species/983/,generation-ix,983
arctibax,https://pokeapi.co/api/v2/pokemon-species/997/,generation-ix,997
gimmighoul,https://pokeapi.co/api/v2/pokemon-species/999/,generation-ix,999
wo-chien,https://pokeapi.co/api/v2/pokemon-species/1001/,generation-ix,1001
chien-pao,https://pokeapi.co/api/v2/pokemon-species/1002/,generation-ix,1002
ting-lu,https://pokeapi.co/api/v2/pokemon-species/1003/,generation-ix,1003
chi-yu,https://pokeapi.co/api/v2/pokemon-species/1004/,generation-ix,1004
roaring-moon,https://pokeapi.co/api/v2/pokemon-species/1005/,generation-ix,1005
iron-valiant,https://pokeapi.co/api/v2/pokemon-species/1006/,generation-ix,1006
koraidon,https://pokeapi.co/api/v2/pokemon-species/1007/,generation-ix,1007
miraidon,https://pokeapi.co/api/v2/pokemon-species/1008/,generation-ix,1008
walking-wake,https://pokeapi.co/api/v2/pokemon-species/1009/,generation-ix,1009
iron-leaves,https://pokeapi.co/api/v2/pokemon-species/1010/,generation-ix,1010
poltchageist,https://pokeapi.co/api/v2/pokemon-species/1012/,generation-ix,1012
okidogi,https://pokeapi.co/api/v2/pokemon-species/1014/,generation-ix,1014
munkidori,https://pokeapi.co/api/v2/pokemon-species/1015/,generation-ix,1015
fezandipiti,https://pokeapi.co/api/v2/pokemon-species/1016/,generation-ix,1016
ogerpon,https://pokeapi.co/api/v2/pokemon-species/1017/,generation-ix,1017
gouging-fire,https://pokeapi.co/api/v2/pokemon-species/1020/,generation-ix,1020
raging-bolt,https://pokeapi.co/api/v2/pokemon-species/1021/,generation-ix,1021
iron-boulder,https://pokeapi.co/api/v2/pokemon-species/1022/,generation-ix,1022
iron-crown,https://pokeapi.co/api/v2/pokemon-species/1023/,generation-ix,1023
terapagos,https://pokeapi.co/api/v2/pokemon-species/1024/,generation-ix,1024
pecharunt,https://pokeapi.co/api/v2/pokemon-species/1025/,generation-ix,1025
pawmo,https://pokeapi.co/api/v2/pokemon-species/922/,generation-ix,922
arboliva,https://pokeapi.co/api/v2/pokemon-species/930/,generation-ix,930
revavroom,https://pokeapi.co/api/v2/pokemon-species/966/,generation-ix,966
baxcalibur,https://pokeapi.co/api/v2/pokemon-species/998/,generation-ix,998
gholdengo,https://pokeapi.co/api/v2/pokemon-species/1000/,generation-ix,1000
dipplin,https://pokeapi.co/api/v2/pokemon-species/1011/,generation-ix,1011
sinistcha,https://pokeapi.co/api/v2/pokemon-species/1013/,generation-ix,1013
archaludon,https://pokeapi.co/api/v2/pokemon-species/1018/,generation-ix,1018
hydrapple,https://pokeapi.co/api/v2/pokemon-species/1019/,generation-ix,1019
