name,url
pound,https://pokeapi.co/api/v2/move/1/
karate-chop,https://pokeapi.co/api/v2/move/2/
double-slap,https://pokeapi.co/api/v2/move/3/
comet-punch,https://pokeapi.co/api/v2/move/4/
mega-punch,https://pokeapi.co/api/v2/move/5/
pay-day,https://pokeapi.co/api/v2/move/6/
fire-punch,https://pokeapi.co/api/v2/move/7/
ice-punch,https://pokeapi.co/api/v2/move/8/
thunder-punch,https://pokeapi.co/api/v2/move/9/
scratch,https://pokeapi.co/api/v2/move/10/
vice-grip,https://pokeapi.co/api/v2/move/11/
guillotine,https://pokeapi.co/api/v2/move/12/
razor-wind,https://pokeapi.co/api/v2/move/13/
swords-dance,https://pokeapi.co/api/v2/move/14/
cut,https://pokeapi.co/api/v2/move/15/
gust,https://pokeapi.co/api/v2/move/16/
wing-attack,https://pokeapi.co/api/v2/move/17/
whirlwind,https://pokeapi.co/api/v2/move/18/
fly,https://pokeapi.co/api/v2/move/19/
bind,https://pokeapi.co/api/v2/move/20/
slam,https://pokeapi.co/api/v2/move/21/
vine-whip,https://pokeapi.co/api/v2/move/22/
stomp,https://pokeapi.co/api/v2/move/23/
double-kick,https://pokeapi.co/api/v2/move/24/
mega-kick,https://pokeapi.co/api/v2/move/25/
jump-kick,https://pokeapi.co/api/v2/move/26/
rolling-kick,https://pokeapi.co/api/v2/move/27/
sand-attack,https://pokeapi.co/api/v2/move/28/
headbutt,https://pokeapi.co/api/v2/move/29/
horn-attack,https://pokeapi.co/api/v2/move/30/
fury-attack,https://pokeapi.co/api/v2/move/31/
horn-drill,https://pokeapi.co/api/v2/move/32/
tackle,https://pokeapi.co/api/v2/move/33/
body-slam,https://pokeapi.co/api/v2/move/34/
wrap,https://pokeapi.co/api/v2/move/35/
take-down,https://pokeapi.co/api/v2/move/36/
thrash,https://pokeapi.co/api/v2/move/37/
double-edge,https://pokeapi.co/api/v2/move/38/
tail-whip,https://pokeapi.co/api/v2/move/39/
poison-sting,https://pokeapi.co/api/v2/move/40/
twineedle,https://pokeapi.co/api/v2/move/41/
pin-missile,https://pokeapi.co/api/v2/move/42/
leer,https://pokeapi.co/api/v2/move/43/
bite,https://pokeapi.co/api/v2/move/44/
growl,https://pokeapi.co/api/v2/move/45/
roar,https://pokeapi.co/api/v2/move/46/
sing,https://pokeapi.co/api/v2/move/47/
supersonic,https://pokeapi.co/api/v2/move/48/
sonic-boom,https://pokeapi.co/api/v2/move/49/
disable,https://pokeapi.co/api/v2/move/50/
acid,https://pokeapi.co/api/v2/move/51/
ember,https://pokeapi.co/api/v2/move/52/
flamethrower,https://pokeapi.co/api/v2/move/53/
mist,https://pokeapi.co/api/v2/move/54/
water-gun,https://pokeapi.co/api/v2/move/55/
hydro-pump,https://pokeapi.co/api/v2/move/56/
surf,https://pokeapi.co/api/v2/move/57/
ice-beam,https://pokeapi.co/api/v2/move/58/
blizzard,https://pokeapi.co/api/v2/move/59/
psybeam,https://pokeapi.co/api/v2/move/60/
bubble-beam,https://pokeapi.co/api/v2/move/61/
aurora-beam,https://pokeapi.co/api/v2/move/62/
hyper-beam,https://pokeapi.co/api/v2/move/63/
peck,https://pokeapi.co/api/v2/move/64/
drill-peck,https://pokeapi.co/api/v2/move/65/
submission,https://pokeapi.co/api/v2/move/66/
low-kick,https://pokeapi.co/api/v2/move/67/
counter,https://pokeapi.co/api/v2/move/68/
seismic-toss,https://pokeapi.co/api/v2/move/69/
strength,https://pokeapi.co/api/v2/move/70/
absorb,https://pokeapi.co/api/v2/move/71/
mega-drain,https://pokeapi.co/api/v2/move/72/
leech-seed,https://pokeapi.co/api/v2/move/73/
growth,https://pokeapi.co/api/v2/move/74/
razor-leaf,https://pokeapi.co/api/v2/move/75/
solar-beam,https://pokeapi.co/api/v2/move/76/
poison-powder,https://pokeapi.co/api/v2/move/77/
stun-spore,https://pokeapi.co/api/v2/move/78/
sleep-powder,https://pokeapi.co/api/v2/move/79/
petal-dance,https://pokeapi.co/api/v2/move/80/
string-shot,https://pokeapi.co/api/v2/move/81/
dragon-rage,https://pokeapi.co/api/v2/move/82/
fire-spin,https://pokeapi.co/api/v2/move/83/
thunder-shock,https://pokeapi.co/api/v2/move/84/
thunderbolt,https://pokeapi.co/api/v2/move/85/
thunder-wave,https://pokeapi.co/api/v2/move/86/
thunder,https://pokeapi.co/api/v2/move/87/
rock-throw,https://pokeapi.co/api/v2/move/88/
earthquake,https://pokeapi.co/api/v2/move/89/
fissure,https://pokeapi.co/api/v2/move/90/
dig,https://pokeapi.co/api/v2/move/91/
toxic,https://pokeapi.co/api/v2/move/92/
confusion,https://pokeapi.co/api/v2/move/93/
psychic,https://pokeapi.co/api/v2/move/94/
hypnosis,https://pokeapi.co/api/v2/move/95/
meditate,https://pokeapi.co/api/v2/move/96/
agility,https://pokeapi.co/api/v2/move/97/
quick-attack,https://pokeapi.co/api/v2/move/98/
rage,https://pokeapi.co/api/v2/move/99/
teleport,https://pokeapi.co/api/v2/move/100/
night-shade,https://pokeapi.co/api/v2/move/101/
mimic,https://pokeapi.co/api/v2/move/102/
screech,https://pokeapi.co/api/v2/move/103/
double-team,https://pokeapi.co/api/v2/move/104/
recover,https://pokeapi.co/api/v2/move/105/
harden,https://pokeapi.co/api/v2/move/106/
minimize,https://pokeapi.co/api/v2/move/107/
smokescreen,https://pokeapi.co/api/v2/move/108/
confuse-ray,https://pokeapi.co/api/v2/move/109/
withdraw,https://pokeapi.co/api/v2/move/110/
defense-curl,https://pokeapi.co/api/v2/move/111/
barrier,https://pokeapi.co/api/v2/move/112/
light-screen,https://pokeapi.co/api/v2/move/113/
haze,https://pokeapi.co/api/v2/move/114/
reflect,https://pokeapi.co/api/v2/move/115/
focus-energy,https://pokeapi.co/api/v2/move/116/
bide,https://pokeapi.co/api/v2/move/117/
metronome,https://pokeapi.co/api/v2/move/118/
mirror-move,https://pokeapi.co/api/v2/move/119/
self-destruct,https://pokeapi.co/api/v2/move/120/
egg-bomb,https://pokeapi.co/api/v2/move/121/
lick,https://pokeapi.co/api/v2/move/122/
smog,https://pokeapi.co/api/v2/move/123/
sludge,https://pokeapi.co/api/v2/move/124/
bone-club,https://pokeapi.co/api/v2/move/125/
fire-blast,https://pokeapi.co/api/v2/move/126/
waterfall,https://pokeapi.co/api/v2/move/127/
clamp,https://pokeapi.co/api/v2/move/128/
swift,https://pokeapi.co/api/v2/move/129/
skull-bash,https://pokeapi.co/api/v2/move/130/
spike-cannon,https://pokeapi.co/api/v2/move/131/
constrict,https://pokeapi.co/api/v2/move/132/
amnesia,https://pokeapi.co/api/v2/move/133/
kinesis,https://pokeapi.co/api/v2/move/134/
soft-boiled,https://pokeapi.co/api/v2/move/135/
high-jump-kick,https://pokeapi.co/api/v2/move/136/
glare,https://pokeapi.co/api/v2/move/137/
dream-eater,https://pokeapi.co/api/v2/move/138/
poison-gas,https://pokeapi.co/api/v2/move/139/
barrage,https://pokeapi.co/api/v2/move/140/
leech-life,https://pokeapi.co/api/v2/move/141/
lovely-kiss,https://pokeapi.co/api/v2/move/142/
sky-attack,https://pokeapi.co/api/v2/move/143/
transform,https://pokeapi.co/api/v2/move/144/
bubble,https://pokeapi.co/api/v2/move/145/
dizzy-punch,https://pokeapi.co/api/v2/move/146/
spore,https://pokeapi.co/api/v2/move/147/
flash,https://pokeapi.co/api/v2/move/148/
psywave,https://pokeapi.co/api/v2/move/149/
splash,https://pokeapi.co/api/v2/move/150/
acid-armor,https://pokeapi.co/api/v2/move/151/
crabhammer,https://pokeapi.co/api/v2/move/152/
explosion,https://pokeapi.co/api/v2/move/153/
fury-swipes,https://pokeapi.co/api/v2/move/154/
bonemerang,https://pokeapi.co/api/v2/move/155/
rest,https://pokeapi.co/api/v2/move/156/
rock-slide,https://pokeapi.co/api/v2/move/157/
hyper-fang,https://pokeapi.co/api/v2/move/158/
sharpen,https://pokeapi.co/api/v2/move/159/
conversion,https://pokeapi.co/api/v2/move/160/
tri-attack,https://pokeapi.co/api/v2/move/161/
super-fang,https://pokeapi.co/api/v2/move/162/
slash,https://pokeapi.co/api/v2/move/163/
substitute,https://pokeapi.co/api/v2/move/164/
struggle,https://pokeapi.co/api/v2/move/165/
sketch,https://pokeapi.co/api/v2/move/166/
triple-kick,https://pokeapi.co/api/v2/move/167/
thief,https://pokeapi.co/api/v2/move/168/
spider-web,https://pokeapi.co/api/v2/move/169/
mind-reader,https://pokeapi.co/api/v2/move/170/
nightmare,https://pokeapi.co/api/v2/move/171/
flame-wheel,https://pokeapi.co/api/v2/move/172/
snore,https://pokeapi.co/api/v2/move/173/
curse,https://pokeapi.co/api/v2/move/174/
flail,https://pokeapi.co/api/v2/move/175/
conversion-2,https://pokeapi.co/api/v2/move/176/
aeroblast,https://pokeapi.co/api/v2/move/177/
cotton-spore,https://pokeapi.co/api/v2/move/178/
reversal,https://pokeapi.co/api/v2/move/179/
spite,https://pokeapi.co/api/v2/move/180/
powder-snow,https://pokeapi.co/api/v2/move/181/
protect,https://pokeapi.co/api/v2/move/182/
mach-punch,https://pokeapi.co/api/v2/move/183/
scary-face,https://pokeapi.co/api/v2/move/184/
feint-attack,https://pokeapi.co/api/v2/move/185/
sweet-kiss,https://pokeapi.co/api/v2/move/186/
belly-drum,https://pokeapi.co/api/v2/move/187/
sludge-bomb,https://pokeapi.co/api/v2/move/188/
mud-slap,https://pokeapi.co/api/v2/move/189/
octazooka,https://pokeapi.co/api/v2/move/190/
spikes,https://pokeapi.co/api/v2/move/191/
zap-cannon,https://pokeapi.co/api/v2/move/192/
foresight,https://pokeapi.co/api/v2/move/193/
destiny-bond,https://pokeapi.co/api/v2/move/194/
perish-song,https://pokeapi.co/api/v2/move/195/
icy-wind,https://pokeapi.co/api/v2/move/196/
detect,https://pokeapi.co/api/v2/move/197/
bone-rush,https://pokeapi.co/api/v2/move/198/
lock-on,https://pokeapi.co/api/v2/move/199/
outrage,https://pokeapi.co/api/v2/move/200/
sandstorm,https://pokeapi.co/api/v2/move/201/
giga-drain,https://pokeapi.co/api/v2/move/202/
endure,https://pokeapi.co/api/v2/move/203/
charm,https://pokeapi.co/api/v2/move/204/
rollout,https://pokeapi.co/api/v2/move/205/
false-swipe,https://pokeapi.co/api/v2/move/206/
swagger,https://pokeapi.co/api/v2/move/207/
milk-drink,https://pokeapi.co/api/v2/move/208/
spark,https://pokeapi.co/api/v2/move/209/
fury-cutter,https://pokeapi.co/api/v2/move/210/
steel-wing,https://pokeapi.co/api/v2/move/211/
mean-look,https://pokeapi.co/api/v2/move/212/
attract,https://pokeapi.co/api/v2/move/213/
sleep-talk,https://pokeapi.co/api/v2/move/214/
heal-bell,https://pokeapi.co/api/v2/move/215/
return,https://pokeapi.co/api/v2/move/216/
present,https://pokeapi.co/api/v2/move/217/
frustration,https://pokeapi.co/api/v2/move/218/
safeguard,https://pokeapi.co/api/v2/move/219/
pain-split,https://pokeapi.co/api/v2/move/220/
sacred-fire,https://pokeapi.co/api/v2/move/221/
magnitude,https://pokeapi.co/api/v2/move/222/
dynamic-punch,https://pokeapi.co/api/v2/move/223/
megahorn,https://pokeapi.co/api/v2/move/224/
dragon-breath,https://pokeapi.co/api/v2/move/225/
baton-pass,https://pokeapi.co/api/v2/move/226/
encore,https://pokeapi.co/api/v2/move/227/
pursuit,https://pokeapi.co/api/v2/move/228/
rapid-spin,https://pokeapi.co/api/v2/move/229/
sweet-scent,https://pokeapi.co/api/v2/move/230/
iron-tail,https://pokeapi.co/api/v2/move/231/
metal-claw,https://pokeapi.co/api/v2/move/232/
vital-throw,https://pokeapi.co/api/v2/move/233/
morning-sun,https://pokeapi.co/api/v2/move/234/
synthesis,https://pokeapi.co/api/v2/move/235/
moonlight,https://pokeapi.co/api/v2/move/236/
hidden-power,https://pokeapi.co/api/v2/move/237/
cross-chop,https://pokeapi.co/api/v2/move/238/
twister,https://pokeapi.co/api/v2/move/239/
rain-dance,https://pokeapi.co/api/v2/move/240/
sunny-day,https://pokeapi.co/api/v2/move/241/
crunch,https://pokeapi.co/api/v2/move/242/
mirror-coat,https://pokeapi.co/api/v2/move/243/
psych-up,https://pokeapi.co/api/v2/move/244/
extreme-speed,https://pokeapi.co/api/v2/move/245/
ancient-power,https://pokeapi.co/api/v2/move/246/
shadow-ball,https://pokeapi.co/api/v2/move/247/
future-sight,https://pokeapi.co/api/v2/move/248/
rock-smash,https://pokeapi.co/api/v2/move/249/
whirlpool,https://pokeapi.co/api/v2/move/250/
beat-up,https://pokeapi.co/api/v2/move/251/
fake-out,https://pokeapi.co/api/v2/move/252/
uproar,https://pokeapi.co/api/v2/move/253/
stockpile,https://pokeapi.co/api/v2/move/254/
spit-up,https://pokeapi.co/api/v2/move/255/
swallow,https://pokeapi.co/api/v2/move/256/
heat-wave,https://pokeapi.co/api/v2/move/257/
hail,https://pokeapi.co/api/v2/move/258/
torment,https://pokeapi.co/api/v2/move/259/
flatter,https://pokeapi.co/api/v2/move/260/
will-o-wisp,https://pokeapi.co/api/v2/move/261/
memento,https://pokeapi.co/api/v2/move/262/
facade,https://pokeapi.co/api/v2/move/263/
focus-punch,https://pokeapi.co/api/v2/move/264/
smelling-salts,https://pokeapi.co/api/v2/move/265/
follow-me,https://pokeapi.co/api/v2/move/266/
nature-power,https://pokeapi.co/api/v2/move/267/
charge,https://pokeapi.co/api/v2/move/268/
taunt,https://pokeapi.co/api/v2/move/269/
helping-hand,https://pokeapi.co/api/v2/move/270/
trick,https://pokeapi.co/api/v2/move/271/
role-play,https://pokeapi.co/api/v2/move/272/
wish,https://pokeapi.co/api/v2/move/273/
assist,https://pokeapi.co/api/v2/move/274/
ingrain,https://pokeapi.co/api/v2/move/275/
superpower,https://pokeapi.co/api/v2/move/276/
magic-coat,https://pokeapi.co/api/v2/move/277/
recycle,https://pokeapi.co/api/v2/move/278/
revenge,https://pokeapi.co/api/v2/move/279/
brick-break,https://pokeapi.co/api/v2/move/280/
yawn,https://pokeapi.co/api/v2/move/281/
knock-off,https://pokeapi.co/api/v2/move/282/
endeavor,https://pokeapi.co/api/v2/move/283/
eruption,https://pokeapi.co/api/v2/move/284/
skill-swap,https://pokeapi.co/api/v2/move/285/
imprison,https://pokeapi.co/api/v2/move/286/
refresh,https://pokeapi.co/api/v2/move/287/
grudge,https://pokeapi.co/api/v2/move/288/
snatch,https://pokeapi.co/api/v2/move/289/
secret-power,https://pokeapi.co/api/v2/move/290/
dive,https://pokeapi.co/api/v2/move/291/
arm-thrust,https://pokeapi.co/api/v2/move/292/
camouflage,https://pokeapi.co/api/v2/move/293/
tail-glow,https://pokeapi.co/api/v2/move/294/
luster-purge,https://pokeapi.co/api/v2/move/295/
mist-ball,https://pokeapi.co/api/v2/move/296/
feather-dance,https://pokeapi.co/api/v2/move/297/
teeter-dance,https://pokeapi.co/api/v2/move/298/
blaze-kick,https://pokeapi.co/api/v2/move/299/
mud-sport,https://pokeapi.co/api/v2/move/300/
ice-ball,https://pokeapi.co/api/v2/move/301/
needle-arm,https://pokeapi.co/api/v2/move/302/
slack-off,https://pokeapi.co/api/v2/move/303/
hyper-voice,https://pokeapi.co/api/v2/move/304/
poison-fang,https://pokeapi.co/api/v2/move/305/
crush-claw,https://pokeapi.co/api/v2/move/306/
blast-burn,https://pokeapi.co/api/v2/move/307/
hydro-cannon,https://pokeapi.co/api/v2/move/308/
meteor-mash,https://pokeapi.co/api/v2/move/309/
astonish,https://pokeapi.co/api/v2/move/310/
weather-ball,https://pokeapi.co/api/v2/move/311/
aromatherapy,https://pokeapi.co/api/v2/move/312/
fake-tears,https://pokeapi.co/api/v2/move/313/
air-cutter,https://pokeapi.co/api/v2/move/314/
overheat,https://pokeapi.co/api/v2/move/315/
odor-sleuth,https://pokeapi.co/api/v2/move/316/
rock-tomb,https://pokeapi.co/api/v2/move/317/
silver-wind,https://pokeapi.co/api/v2/move/318/
metal-sound,https://pokeapi.co/api/v2/move/319/
grass-whistle,https://pokeapi.co/api/v2/move/320/
tickle,https://pokeapi.co/api/v2/move/321/
cosmic-power,https://pokeapi.co/api/v2/move/322/
water-spout,https://pokeapi.co/api/v2/move/323/
signal-beam,https://pokeapi.co/api/v2/move/324/
shadow-punch,https://pokeapi.co/api/v2/move/325/
extrasensory,https://pokeapi.co/api/v2/move/326/
sky-uppercut,https://pokeapi.co/api/v2/move/327/
sand-tomb,https://pokeapi.co/api/v2/move/328/
sheer-cold,https://pokeapi.co/api/v2/move/329/
muddy-water,https://pokeapi.co/api/v2/move/330/
bullet-seed,https://pokeapi.co/api/v2/move/331/
aerial-ace,https://pokeapi.co/api/v2/move/332/
icicle-spear,https://pokeapi.co/api/v2/move/333/
iron-defense,https://pokeapi.co/api/v2/move/334/
block,https://pokeapi.co/api/v2/move/335/
howl,https://pokeapi.co/api/v2/move/336/
dragon-claw,https://pokeapi.co/api/v2/move/337/
frenzy-plant,https://pokeapi.co/api/v2/move/338/
bulk-up,https://pokeapi.co/api/v2/move/339/
bounce,https://pokeapi.co/api/v2/move/340/
mud-shot,https://pokeapi.co/api/v2/move/341/
poison-tail,https://pokeapi.co/api/v2/move/342/
covet,https://pokeapi.co/api/v2/move/343/
volt-tackle,https://pokeapi.co/api/v2/move/344/
magical-leaf,https://pokeapi.co/api/v2/move/345/
water-sport,https://pokeapi.co/api/v2/move/346/
calm-mind,https://pokeapi.co/api/v2/move/347/
leaf-blade,https://pokeapi.co/api/v2/move/348/
dragon-dance,https://pokeapi.co/api/v2/move/349/
rock-blast,https://pokeapi.co/api/v2/move/350/
shock-wave,https://pokeapi.co/api/v2/move/351/
water-pulse,https://pokeapi.co/api/v2/move/352/
doom-desire,https://pokeapi.co/api/v2/move/353/
psycho-boost,https://pokeapi.co/api/v2/move/354/
roost,https://pokeapi.co/api/v2/move/355/
gravity,https://pokeapi.co/api/v2/move/356/
miracle-eye,https://pokeapi.co/api/v2/move/357/
wake-up-slap,https://pokeapi.co/api/v2/move/358/
hammer-arm,https://pokeapi.co/api/v2/move/359/
gyro-ball,https://pokeapi.co/api/v2/move/360/
healing-wish,https://pokeapi.co/api/v2/move/361/
brine,https://pokeapi.co/api/v2/move/362/
natural-gift,https://pokeapi.co/api/v2/move/363/
feint,https://pokeapi.co/api/v2/move/364/
pluck,https://pokeapi.co/api/v2/move/365/
tailwind,https://pokeapi.co/api/v2/move/366/
acupressure,https://pokeapi.co/api/v2/move/367/
metal-burst,https://pokeapi.co/api/v2/move/368/
u-turn,https://pokeapi.co/api/v2/move/369/
close-combat,https://pokeapi.co/api/v2/move/370/
payback,https://pokeapi.co/api/v2/move/371/
assurance,https://pokeapi.co/api/v2/move/372/
embargo,https://pokeapi.co/api/v2/move/373/
fling,https://pokeapi.co/api/v2/move/374/
psycho-shift,https://pokeapi.co/api/v2/move/375/
trump-card,https://pokeapi.co/api/v2/move/376/
heal-block,https://pokeapi.co/api/v2/move/377/
wring-out,https://pokeapi.co/api/v2/move/378/
power-trick,https://pokeapi.co/api/v2/move/379/
gastro-acid,https://pokeapi.co/api/v2/move/380/
lucky-chant,https://pokeapi.co/api/v2/move/381/
me-first,https://pokeapi.co/api/v2/move/382/
copycat,https://pokeapi.co/api/v2/move/383/
power-swap,https://pokeapi.co/api/v2/move/384/
guard-swap,https://pokeapi.co/api/v2/move/385/
punishment,https://pokeapi.co/api/v2/move/386/
last-resort,https://pokeapi.co/api/v2/move/387/
worry-seed,https://pokeapi.co/api/v2/move/388/
sucker-punch,https://pokeapi.co/api/v2/move/389/
toxic-spikes,https://pokeapi.co/api/v2/move/390/
heart-swap,https://pokeapi.co/api/v2/move/391/
aqua-ring,https://pokeapi.co/api/v2/move/392/
magnet-rise,https://pokeapi.co/api/v2/move/393/
flare-blitz,https://pokeapi.co/api/v2/move/394/
force-palm,https://pokeapi.co/api/v2/move/395/
aura-sphere,https://pokeapi.co/api/v2/move/396/
rock-polish,https://pokeapi.co/api/v2/move/397/
poison-jab,https://pokeapi.co/api/v2/move/398/
dark-pulse,https://pokeapi.co/api/v2/move/399/
night-slash,https://pokeapi.co/api/v2/move/400/
aqua-tail,https://pokeapi.co/api/v2/move/401/
seed-bomb,https://pokeapi.co/api/v2/move/402/
air-slash,https://pokeapi.co/api/v2/move/403/
x-scissor,https://pokeapi.co/api/v2/move/404/
bug-buzz,https://pokeapi.co/api/v2/move/405/
dragon-pulse,https://pokeapi.co/api/v2/move/406/
dragon-rush,https://pokeapi.co/api/v2/move/407/
power-gem,https://pokeapi.co/api/v2/move/408/
drain-punch,https://pokeapi.co/api/v2/move/409/
vacuum-wave,https://pokeapi.co/api/v2/move/410/
focus-blast,https://pokeapi.co/api/v2/move/411/
energy-ball,https://pokeapi.co/api/v2/move/412/
brave-bird,https://pokeapi.co/api/v2/move/413/
earth-power,https://pokeapi.co/api/v2/move/414/
switcheroo,https://pokeapi.co/api/v2/move/415/
giga-impact,https://pokeapi.co/api/v2/move/416/
nasty-plot,https://pokeapi.co/api/v2/move/417/
bullet-punch,https://pokeapi.co/api/v2/move/418/
avalanche,https://pokeapi.co/api/v2/move/419/
ice-shard,https://pokeapi.co/api/v2/move/420/
shadow-claw,https://pokeapi.co/api/v2/move/421/
thunder-fang,https://pokeapi.co/api/v2/move/422/
ice-fang,https://pokeapi.co/api/v2/move/423/
fire-fang,https://pokeapi.co/api/v2/move/424/
shadow-sneak,https://pokeapi.co/api/v2/move/425/
mud-bomb,https://pokeapi.co/api/v2/move/426/
psycho-cut,https://pokeapi.co/api/v2/move/427/
zen-headbutt,https://pokeapi.co/api/v2/move/428/
mirror-shot,https://pokeapi.co/api/v2/move/429/
flash-cannon,https://pokeapi.co/api/v2/move/430/
rock-climb,https://pokeapi.co/api/v2/move/431/
defog,https://pokeapi.co/api/v2/move/432/
trick-room,https://pokeapi.co/api/v2/move/433/
draco-meteor,https://pokeapi.co/api/v2/move/434/
discharge,https://pokeapi.co/api/v2/move/435/
lava-plume,https://pokeapi.co/api/v2/move/436/
leaf-storm,https://pokeapi.co/api/v2/move/437/
power-whip,https://pokeapi.co/api/v2/move/438/
rock-wrecker,https://pokeapi.co/api/v2/move/439/
cross-poison,https://pokeapi.co/api/v2/move/440/
gunk-shot,https://pokeapi.co/api/v2/move/441/
iron-head,https://pokeapi.co/api/v2/move/442/
magnet-bomb,https://pokeapi.co/api/v2/move/443/
stone-edge,https://pokeapi.co/api/v2/move/444/
captivate,https://pokeapi.co/api/v2/move/445/
stealth-rock,https://pokeapi.co/api/v2/move/446/
grass-knot,https://pokeapi.co/api/v2/move/447/
chatter,https://pokeapi.co/api/v2/move/448/
judgment,https://pokeapi.co/api/v2/move/449/
bug-bite,https://pokeapi.co/api/v2/move/450/
charge-beam,https://pokeapi.co/api/v2/move/451/
wood-hammer,https://pokeapi.co/api/v2/move/452/
aqua-jet,https://pokeapi.co/api/v2/move/453/
attack-order,https://pokeapi.co/api/v2/move/454/
defend-order,https://pokeapi.co/api/v2/move/455/
heal-order,https://pokeapi.co/api/v2/move/456/
head-smash,https://pokeapi.co/api/v2/move/457/
double-hit,https://pokeapi.co/api/v2/move/458/
roar-of-time,https://pokeapi.co/api/v2/move/459/
spacial-rend,https://pokeapi.co/api/v2/move/460/
lunar-dance,https://pokeapi.co/api/v2/move/461/
crush-grip,https://pokeapi.co/api/v2/move/462/
magma-storm,https://pokeapi.co/api/v2/move/463/
dark-void,https://pokeapi.co/api/v2/move/464/
seed-flare,https://pokeapi.co/api/v2/move/465/
ominous-wind,https://pokeapi.co/api/v2/move/466/
shadow-force,https://pokeapi.co/api/v2/move/467/
hone-claws,https://pokeapi.co/api/v2/move/468/
wide-guard,https://pokeapi.co/api/v2/move/469/
guard-split,https://pokeapi.co/api/v2/move/470/
power-split,https://pokeapi.co/api/v2/move/471/
wonder-room,https://pokeapi.co/api/v2/move/472/
psyshock,https://pokeapi.co/api/v2/move/473/
venoshock,https://pokeapi.co/api/v2/move/474/
autotomize,https://pokeapi.co/api/v2/move/475/
rage-powder,https://pokeapi.co/api/v2/move/476/
telekinesis,https://pokeapi.co/api/v2/move/477/
magic-room,https://pokeapi.co/api/v2/move/478/
smack-down,https://pokeapi.co/api/v2/move/479/
storm-throw,https://pokeapi.co/api/v2/move/480/
flame-burst,https://pokeapi.co/api/v2/move/481/
sludge-wave,https://pokeapi.co/api/v2/move/482/
quiver-dance,https://pokeapi.co/api/v2/move/483/
heavy-slam,https://pokeapi.co/api/v2/move/484/
synchronoise,https://pokeapi.co/api/v2/move/485/
electro-ball,https://pokeapi.co/api/v2/move/486/
soak,https://pokeapi.co/api/v2/move/487/
flame-charge,https://pokeapi.co/api/v2/move/488/
coil,https://pokeapi.co/api/v2/move/489/
low-sweep,https://pokeapi.co/api/v2/move/490/
acid-spray,https://pokeapi.co/api/v2/move/491/
foul-play,https://pokeapi.co/api/v2/move/492/
simple-beam,https://pokeapi.co/api/v2/move/493/
entrainment,https://pokeapi.co/api/v2/move/494/
after-you,https://pokeapi.co/api/v2/move/495/
round,https://pokeapi.co/api/v2/move/496/
echoed-voice,https://pokeapi.co/api/v2/move/497/
chip-away,https://pokeapi.co/api/v2/move/498/
clear-smog,https://pokeapi.co/api/v2/move/499/
stored-power,https://pokeapi.co/api/v2/move/500/
quick-guard,https://pokeapi.co/api/v2/move/501/
ally-switch,https://pokeapi.co/api/v2/move/502/
scald,https://pokeapi.co/api/v2/move/503/
shell-smash,https://pokeapi.co/api/v2/move/504/
heal-pulse,https://pokeapi.co/api/v2/move/505/
hex,https://pokeapi.co/api/v2/move/506/
sky-drop,https://pokeapi.co/api/v2/move/507/
shift-gear,https://pokeapi.co/api/v2/move/508/
circle-throw,https://pokeapi.co/api/v2/move/509/
incinerate,https://pokeapi.co/api/v2/move/510/
quash,https://pokeapi.co/api/v2/move/511/
acrobatics,https://pokeapi.co/api/v2/move/512/
reflect-type,https://pokeapi.co/api/v2/move/513/
retaliate,https://pokeapi.co/api/v2/move/514/
final-gambit,https://pokeapi.co/api/v2/move/515/
bestow,https://pokeapi.co/api/v2/move/516/
inferno,https://pokeapi.co/api/v2/move/517/
water-pledge,https://pokeapi.co/api/v2/move/518/
fire-pledge,https://pokeapi.co/api/v2/move/519/
grass-pledge,https://pokeapi.co/api/v2/move/520/
volt-switch,https://pokeapi.co/api/v2/move/521/
struggle-bug,https://pokeapi.co/api/v2/move/522/
bulldoze,https://pokeapi.co/api/v2/move/523/
frost-breath,https://pokeapi.co/api/v2/move/524/
dragon-tail,https://pokeapi.co/api/v2/move/525/
work-up,https://pokeapi.co/api/v2/move/526/
electroweb,https://pokeapi.co/api/v2/move/527/
wild-charge,https://pokeapi.co/api/v2/move/528/
drill-run,https://pokeapi.co/api/v2/move/529/
dual-chop,https://pokeapi.co/api/v2/move/530/
heart-stamp,https://pokeapi.co/api/v2/move/531/
horn-leech,https://pokeapi.co/api/v2/move/532/
sacred-sword,https://pokeapi.co/api/v2/move/533/
razor-shell,https://pokeapi.co/api/v2/move/534/
heat-crash,https://pokeapi.co/api/v2/move/535/
leaf-tornado,https://pokeapi.co/api/v2/move/536/
steamroller,https://pokeapi.co/api/v2/move/537/
cotton-guard,https://pokeapi.co/api/v2/move/538/
night-daze,https://pokeapi.co/api/v2/move/539/
psystrike,https://pokeapi.co/api/v2/move/540/
tail-slap,https://pokeapi.co/api/v2/move/541/
hurricane,https://pokeapi.co/api/v2/move/542/
head-charge,https://pokeapi.co/api/v2/move/543/
gear-grind,https://pokeapi.co/api/v2/move/544/
searing-shot,https://pokeapi.co/api/v2/move/545/
techno-blast,https://pokeapi.co/api/v2/move/546/
relic-song,https://pokeapi.co/api/v2/move/547/
secret-sword,https://pokeapi.co/api/v2/move/548/
glaciate,https://pokeapi.co/api/v2/move/549/
bolt-strike,https://pokeapi.co/api/v2/move/550/
blue-flare,https://pokeapi.co/api/v2/move/551/
fiery-dance,https://pokeapi.co/api/v2/move/552/
freeze-shock,https://pokeapi.co/api/v2/move/553/
ice-burn,https://pokeapi.co/api/v2/move/554/
snarl,https://pokeapi.co/api/v2/move/555/
icicle-crash,https://pokeapi.co/api/v2/move/556/
v-create,https://pokeapi.co/api/v2/move/557/
fusion-flare,https://pokeapi.co/api/v2/move/558/
fusion-bolt,https://pokeapi.co/api/v2/move/559/
flying-press,https://pokeapi.co/api/v2/move/560/
mat-block,https://pokeapi.co/api/v2/move/561/
belch,https://pokeapi.co/api/v2/move/562/
rototiller,https://pokeapi.co/api/v2/move/563/
sticky-web,https://pokeapi.co/api/v2/move/564/
fell-stinger,https://pokeapi.co/api/v2/move/565/
phantom-force,https://pokeapi.co/api/v2/move/566/
trick-or-treat,https://pokeapi.co/api/v2/move/567/
noble-roar,https://pokeapi.co/api/v2/move/568/
ion-deluge,https://pokeapi.co/api/v2/move/569/
parabolic-charge,https://pokeapi.co/api/v2/move/570/
forests-curse,https://pokeapi.co/api/v2/move/571/
petal-blizzard,https://pokeapi.co/api/v2/move/572/
freeze-dry,https://pokeapi.co/api/v2/move/573/
disarming-voice,https://pokeapi.co/api/v2/move/574/
parting-shot,https://pokeapi.co/api/v2/move/575/
topsy-turvy,https://pokeapi.co/api/v2/move/576/
draining-kiss,https://pokeapi.co/api/v2/move/577/
crafty-shield,https://pokeapi.co/api/v2/move/578/
flower-shield,https://pokeapi.co/api/v2/move/579/
grassy-terrain,https://pokeapi.co/api/v2/move/580/
misty-terrain,https://pokeapi.co/api/v2/move/581/
electrify,https://pokeapi.co/api/v2/move/582/
play-rough,https://pokeapi.co/api/v2/move/583/
fairy-wind,https://pokeapi.co/api/v2/move/584/
moonblast,https://pokeapi.co/api/v2/move/585/
boomburst,https://pokeapi.co/api/v2/move/586/
fairy-lock,https://pokeapi.co/api/v2/move/587/
kings-shield,https://pokeapi.co/api/v2/move/588/
play-nice,https://pokeapi.co/api/v2/move/589/
confide,https://pokeapi.co/api/v2/move/590/
diamond-storm,https://pokeapi.co/api/v2/move/591/
steam-eruption,https://pokeapi.co/api/v2/move/592/
hyperspace-hole,https://pokeapi.co/api/v2/move/593/
water-shuriken,https://pokeapi.co/api/v2/move/594/
mystical-fire,https://pokeapi.co/api/v2/move/595/
spiky-shield,https://pokeapi.co/api/v2/move/596/
aromatic-mist,https://pokeapi.co/api/v2/move/597/
eerie-impulse,https://pokeapi.co/api/v2/move/598/
venom-drench,https://pokeapi.co/api/v2/move/599/
powder,https://pokeapi.co/api/v2/move/600/
geomancy,https://pokeapi.co/api/v2/move/601/
magnetic-flux,https://pokeapi.co/api/v2/move/602/
happy-hour,https://pokeapi.co/api/v2/move/603/
electric-terrain,https://pokeapi.co/api/v2/move/604/
dazzling-gleam,https://pokeapi.co/api/v2/move/605/
celebrate,https://pokeapi.co/api/v2/move/606/
hold-hands,https://pokeapi.co/api/v2/move/607/
baby-doll-eyes,https://pokeapi.co/api/v2/move/608/
nuzzle,https://pokeapi.co/api/v2/move/609/
hold-back,https://pokeapi.co/api/v2/move/610/
infestation,https://pokeapi.co/api/v2/move/611/
power-up-punch,https://pokeapi.co/api/v2/move/612/
oblivion-wing,https://pokeapi.co/api/v2/move/613/
thousand-arrows,https://pokeapi.co/api/v2/move/614/
thousand-waves,https://pokeapi.co/api/v2/move/615/
lands-wrath,https://pokeapi.co/api/v2/move/616/
light-of-ruin,https://pokeapi.co/api/v2/move/617/
origin-pulse,https://pokeapi.co/api/v2/move/618/
precipice-blades,https://pokeapi.co/api/v2/move/619/
dragon-ascent,https://pokeapi.co/api/v2/move/620/
hyperspace-fury,https://pokeapi.co/api/v2/move/621/
breakneck-blitz--physical,https://pokeapi.co/api/v2/move/622/
breakneck-blitz--special,https://pokeapi.co/api/v2/move/623/
all-out-pummeling--physical,https://pokeapi.co/api/v2/move/624/
all-out-pummeling--special,https://pokeapi.co/api/v2/move/625/
supersonic-skystrike--physical,https://pokeapi.co/api/v2/move/626/
supersonic-skystrike--special,https://pokeapi.co/api/v2/move/627/
acid-downpour--physical,https://pokeapi.co/api/v2/move/628/
acid-downpour--special,https://pokeapi.co/api/v2/move/629/
tectonic-rage--physical,https://pokeapi.co/api/v2/move/630/
tectonic-rage--special,https://pokeapi.co/api/v2/move/631/
continental-crush--physical,https://pokeapi.co/api/v2/move/632/
continental-crush--special,https://pokeapi.co/api/v2/move/633/
savage-spin-out--physical,https://pokeapi.co/api/v2/move/634/
savage-spin-out--special,https://pokeapi.co/api/v2/move/635/
never-ending-nightmare--physical,https://pokeapi.co/api/v2/move/636/
never-ending-nightmare--special,https://pokeapi.co/api/v2/move/637/
corkscrew-crash--physical,https://pokeapi.co/api/v2/move/638/
corkscrew-crash--special,https://pokeapi.co/api/v2/move/639/
inferno-overdrive--physical,https://pokeapi.co/api/v2/move/640/
inferno-overdrive--special,https://pokeapi.co/api/v2/move/641/
hydro-vortex--physical,https://pokeapi.co/api/v2/move/642/
hydro-vortex--special,https://pokeapi.co/api/v2/move/643/
bloom-doom--physical,https://pokeapi.co/api/v2/move/644/
bloom-doom--special,https://pokeapi.co/api/v2/move/645/
gigavolt-havoc--physical,https://pokeapi.co/api/v2/move/646/
gigavolt-havoc--special,https://pokeapi.co/api/v2/move/647/
shattered-psyche--physical,https://pokeapi.co/api/v2/move/648/
shattered-psyche--special,https://pokeapi.co/api/v2/move/649/
subzero-slammer--physical,https://pokeapi.co/api/v2/move/650/
subzero-slammer--special,https://pokeapi.co/api/v2/move/651/
devastating-drake--physical,https://pokeapi.co/api/v2/move/652/
devastating-drake--special,https://pokeapi.co/api/v2/move/653/
black-hole-eclipse--physical,https://pokeapi.co/api/v2/move/654/
black-hole-eclipse--special,https://pokeapi.co/api/v2/move/655/
twinkle-tackle--physical,https://pokeapi.co/api/v2/move/656/
twinkle-tackle--special,https://pokeapi.co/api/v2/move/657/
catastropika,https://pokeapi.co/api/v2/move/658/
shore-up,https://pokeapi.co/api/v2/move/659/
first-impression,https://pokeapi.co/api/v2/move/660/
baneful-bunker,https://pokeapi.co/api/v2/move/661/
spirit-shackle,https://pokeapi.co/api/v2/move/662/
darkest-lariat,https://pokeapi.co/api/v2/move/663/
sparkling-aria,https://pokeapi.co/api/v2/move/664/
ice-hammer,https://pokeapi.co/api/v2/move/665/
floral-healing,https://pokeapi.co/api/v2/move/666/
high-horsepower,https://pokeapi.co/api/v2/move/667/
strength-sap,https://pokeapi.co/api/v2/move/668/
solar-blade,https://pokeapi.co/api/v2/move/669/
leafage,https://pokeapi.co/api/v2/move/670/
spotlight,https://pokeapi.co/api/v2/move/671/
toxic-thread,https://pokeapi.co/api/v2/move/672/
laser-focus,https://pokeapi.co/api/v2/move/673/
gear-up,https://pokeapi.co/api/v2/move/674/
throat-chop,https://pokeapi.co/api/v2/move/675/
pollen-puff,https://pokeapi.co/api/v2/move/676/
anchor-shot,https://pokeapi.co/api/v2/move/677/
psychic-terrain,https://pokeapi.co/api/v2/move/678/
lunge,https://pokeapi.co/api/v2/move/679/
fire-lash,https://pokeapi.co/api/v2/move/680/
power-trip,https://pokeapi.co/api/v2/move/681/
burn-up,https://pokeapi.co/api/v2/move/682/
speed-swap,https://pokeapi.co/api/v2/move/683/
smart-strike,https://pokeapi.co/api/v2/move/684/
purify,https://pokeapi.co/api/v2/move/685/
revelation-dance,https://pokeapi.co/api/v2/move/686/
core-enforcer,https://pokeapi.co/api/v2/move/687/
trop-kick,https://pokeapi.co/api/v2/move/688/
instruct,https://pokeapi.co/api/v2/move/689/
beak-blast,https://pokeapi.co/api/v2/move/690/
clanging-scales,https://pokeapi.co/api/v2/move/691/
dragon-hammer,https://pokeapi.co/api/v2/move/692/
brutal-swing,https://pokeapi.co/api/v2/move/693/
aurora-veil,https://pokeapi.co/api/v2/move/694/
sinister-arrow-raid,https://pokeapi.co/api/v2/move/695/
malicious-moonsault,https://pokeapi.co/api/v2/move/696/
oceanic-operetta,https://pokeapi.co/api/v2/move/697/
guardian-of-alola,https://pokeapi.co/api/v2/move/698/
soul-stealing-7-star-strike,https://pokeapi.co/api/v2/move/699/
stoked-sparksurfer,https://pokeapi.co/api/v2/move/700/
pulverizing-pancake,https://pokeapi.co/api/v2/move/701/
extreme-evoboost,https://pokeapi.co/api/v2/move/702/
genesis-supernova,https://pokeapi.co/api/v2/move/703/
shell-trap,https://pokeapi.co/api/v2/move/704/
fleur-cannon,https://pokeapi.co/api/v2/move/705/
psychic-fangs,https://pokeapi.co/api/v2/move/706/
stomping-tantrum,https://pokeapi.co/api/v2/move/707/
shadow-bone,https://pokeapi.co/api/v2/move/708/
accelerock,https://pokeapi.co/api/v2/move/709/
liquidation,https://pokeapi.co/api/v2/move/710/
prismatic-laser,https://pokeapi.co/api/v2/move/711/
spectral-thief,https://pokeapi.co/api/v2/move/712/
sunsteel-strike,https://pokeapi.co/api/v2/move/713/
moongeist-beam,https://pokeapi.co/api/v2/move/714/
tearful-look,https://pokeapi.co/api/v2/move/715/
zing-zap,https://pokeapi.co/api/v2/move/716/
natures-madness,https://pokeapi.co/api/v2/move/717/
multi-attack,https://pokeapi.co/api/v2/move/718/
10-000-000-volt-thunderbolt,https://pokeapi.co/api/v2/move/719/
mind-blown,https://pokeapi.co/api/v2/move/720/
plasma-fists,https://pokeapi.co/api/v2/move/721/
photon-geyser,https://pokeapi.co/api/v2/move/722/
light-that-burns-the-sky,https://pokeapi.co/api/v2/move/723/
searing-sunraze-smash,https://pokeapi.co/api/v2/move/724/
menacing-moonraze-maelstrom,https://pokeapi.co/api/v2/move/725/
lets-snuggle-forever,https://pokeapi.co/api/v2/move/726/
splintered-stormshards,https://pokeapi.co/api/v2/move/727/
clangorous-soulblaze,https://pokeapi.co/api/v2/move/728/
zippy-zap,https://pokeapi.co/api/v2/move/729/
splishy-splash,https://pokeapi.co/api/v2/move/730/
floaty-fall,https://pokeapi.co/api/v2/move/731/
pika-papow,https://pokeapi.co/api/v2/move/732/
bouncy-bubble,https://pokeapi.co/api/v2/move/733/
buzzy-buzz,https://pokeapi.co/api/v2/move/734/
sizzly-slide,https://pokeapi.co/api/v2/move/735/
glitzy-glow,https://pokeapi.co/api/v2/move/736/
baddy-bad,https://pokeapi.co/api/v2/move/737/
sappy-seed,https://pokeapi.co/api/v2/move/738/
freezy-frost,https://pokeapi.co/api/v2/move/739/
sparkly-swirl,https://pokeapi.co/api/v2/move/740/
veevee-volley,https://pokeapi.co/api/v2/move/741/
double-iron-bash,https://pokeapi.co/api/v2/move/742/
max-guard,https://pokeapi.co/api/v2/move/743/
dynamax-cannon,https://pokeapi.co/api/v2/move/744/
snipe-shot,https://pokeapi.co/api/v2/move/745/
jaw-lock,https://pokeapi.co/api/v2/move/746/
stuff-cheeks,https://pokeapi.co/api/v2/move/747/
no-retreat,https://pokeapi.co/api/v2/move/748/
tar-shot,https://pokeapi.co/api/v2/move/749/
magic-powder,https://pokeapi.co/api/v2/move/750/
dragon-darts,https://pokeapi.co/api/v2/move/751/
teatime,https://pokeapi.co/api/v2/move/752/
octolock,https://pokeapi.co/api/v2/move/753/
bolt-beak,https://pokeapi.co/api/v2/move/754/
fishious-rend,https://pokeapi.co/api/v2/move/755/
court-change,https://pokeapi.co/api/v2/move/756/
max-flare,https://pokeapi.co/api/v2/move/757/
max-flutterby,https://pokeapi.co/api/v2/move/758/
max-lightning,https://pokeapi.co/api/v2/move/759/
max-strike,https://pokeapi.co/api/v2/move/760/
max-knuckle,https://pokeapi.co/api/v2/move/761/
max-phantasm,https://pokeapi.co/api/v2/move/762/
max-hailstorm,https://pokeapi.co/api/v2/move/763/
max-ooze,https://pokeapi.co/api/v2/move/764/
max-geyser,https://pokeapi.co/api/v2/move/765/
max-airstream,https://pokeapi.co/api/v2/move/766/
max-starfall,https://pokeapi.co/api/v2/move/767/
max-wyrmwind,https://pokeapi.co/api/v2/move/768/
max-mindstorm,https://pokeapi.co/api/v2/move/769/
max-rockfall,https://pokeapi.co/api/v2/move/770/
max-quake,https://pokeapi.co/api/v2/move/771/
max-darkness,https://pokeapi.co/api/v2/move/772/
max-overgrowth,https://pokeapi.co/api/v2/move/773/
max-steelspike,https://pokeapi.co/api/v2/move/774/
clangorous-soul,https://pokeapi.co/api/v2/move/775/
body-press,https://pokeapi.co/api/v2/move/776/
decorate,https://pokeapi.co/api/v2/move/777/
drum-beating,https://pokeapi.co/api/v2/move/778/
snap-trap,https://pokeapi.co/api/v2/move/779/
pyro-ball,https://pokeapi.co/api/v2/move/780/
behemoth-blade,https://pokeapi.co/api/v2/move/781/
behemoth-bash,https://pokeapi.co/api/v2/move/782/
aura-wheel,https://pokeapi.co/api/v2/move/783/
breaking-swipe,https://pokeapi.co/api/v2/move/784/
branch-poke,https://pokeapi.co/api/v2/move/785/
overdrive,https://pokeapi.co/api/v2/move/786/
apple-acid,https://pokeapi.co/api/v2/move/787/
grav-apple,https://pokeapi.co/api/v2/move/788/
spirit-break,https://pokeapi.co/api/v2/move/789/
strange-steam,https://pokeapi.co/api/v2/move/790/
life-dew,https://pokeapi.co/api/v2/move/791/
obstruct,https://pokeapi.co/api/v2/move/792/
false-surrender,https://pokeapi.co/api/v2/move/793/
meteor-assault,https://pokeapi.co/api/v2/move/794/
eternabeam,https://pokeapi.co/api/v2/move/795/
steel-beam,https://pokeapi.co/api/v2/move/796/
expanding-force,https://pokeapi.co/api/v2/move/797/
steel-roller,https://pokeapi.co/api/v2/move/798/
scale-shot,https://pokeapi.co/api/v2/move/799/
meteor-beam,https://pokeapi.co/api/v2/move/800/
shell-side-arm,https://pokeapi.co/api/v2/move/801/
misty-explosion,https://pokeapi.co/api/v2/move/802/
grassy-glide,https://pokeapi.co/api/v2/move/803/
rising-voltage,https://pokeapi.co/api/v2/move/804/
terrain-pulse,https://pokeapi.co/api/v2/move/805/
skitter-smack,https://pokeapi.co/api/v2/move/806/
burning-jealousy,https://pokeapi.co/api/v2/move/807/
lash-out,https://pokeapi.co/api/v2/move/808/
poltergeist,https://pokeapi.co/api/v2/move/809/
corrosive-gas,https://pokeapi.co/api/v2/move/810/
coaching,https://pokeapi.co/api/v2/move/811/
flip-turn,https://pokeapi.co/api/v2/move/812/
triple-axel,https://pokeapi.co/api/v2/move/813/
dual-wingbeat,https://pokeapi.co/api/v2/move/814/
scorching-sands,https://pokeapi.co/api/v2/move/815/
jungle-healing,https://pokeapi.co/api/v2/move/816/
wicked-blow,https://pokeapi.co/api/v2/move/817/
surging-strikes,https://pokeapi.co/api/v2/move/818/
thunder-cage,https://pokeapi.co/api/v2/move/819/
dragon-energy,https://pokeapi.co/api/v2/move/820/
freezing-glare,https://pokeapi.co/api/v2/move/821/
fiery-wrath,https://pokeapi.co/api/v2/move/822/
thunderous-kick,https://pokeapi.co/api/v2/move/823/
glacial-lance,https://pokeapi.co/api/v2/move/824/
astral-barrage,https://pokeapi.co/api/v2/move/825/
eerie-spell,https://pokeapi.co/api/v2/move/826/
dire-claw,https://pokeapi.co/api/v2/move/827/
psyshield-bash,https://pokeapi.co/api/v2/move/828/
power-shift,https://pokeapi.co/api/v2/move/829/
stone-axe,https://pokeapi.co/api/v2/move/830/
springtide-storm,https://pokeapi.co/api/v2/move/831/
mystical-power,https://pokeapi.co/api/v2/move/832/
raging-fury,https://pokeapi.co/api/v2/move/833/
wave-crash,https://pokeapi.co/api/v2/move/834/
chloroblast,https://pokeapi.co/api/v2/move/835/
mountain-gale,https://pokeapi.co/api/v2/move/836/
victory-dance,https://pokeapi.co/api/v2/move/837/
headlong-rush,https://pokeapi.co/api/v2/move/838/
barb-barrage,https://pokeapi.co/api/v2/move/839/
esper-wing,https://pokeapi.co/api/v2/move/840/
bitter-malice,https://pokeapi.co/api/v2/move/841/
shelter,https://pokeapi.co/api/v2/move/842/
triple-arrows,https://pokeapi.co/api/v2/move/843/
infernal-parade,https://pokeapi.co/api/v2/move/844/
ceaseless-edge,https://pokeapi.co/api/v2/move/845/
bleakwind-storm,https://pokeapi.co/api/v2/move/846/
wildbolt-storm,https://pokeapi.co/api/v2/move/847/
sandsear-storm,https://pokeapi.co/api/v2/move/848/
lunar-blessing,https://pokeapi.co/api/v2/move/849/
take-heart,https://pokeapi.co/api/v2/move/850/
tera-blast,https://pokeapi.co/api/v2/move/851/
silk-trap,https://pokeapi.co/api/v2/move/852/
axe-kick,https://pokeapi.co/api/v2/move/853/
last-respects,https://pokeapi.co/api/v2/move/854/
lumina-crash,https://pokeapi.co/api/v2/move/855/
order-up,https://pokeapi.co/api/v2/move/856/
jet-punch,https://pokeapi.co/api/v2/move/857/
spicy-extract,https://pokeapi.co/api/v2/move/858/
spin-out,https://pokeapi.co/api/v2/move/859/
population-bomb,https://pokeapi.co/api/v2/move/860/
ice-spinner,https://pokeapi.co/api/v2/move/861/
glaive-rush,https://pokeapi.co/api/v2/move/862/
revival-blessing,https://pokeapi.co/api/v2/move/863/
salt-cure,https://pokeapi.co/api/v2/move/864/
triple-dive,https://pokeapi.co/api/v2/move/865/
mortal-spin,https://pokeapi.co/api/v2/move/866/
doodle,https://pokeapi.co/api/v2/move/867/
fillet-away,https://pokeapi.co/api/v2/move/868/
kowtow-cleave,https://pokeapi.co/api/v2/move/869/
flower-trick,https://pokeapi.co/api/v2/move/870/
torch-song,https://pokeapi.co/api/v2/move/871/
aqua-step,https://pokeapi.co/api/v2/move/872/
raging-bull,https://pokeapi.co/api/v2/move/873/
make-it-rain,https://pokeapi.co/api/v2/move/874/
psyblade,https://pokeapi.co/api/v2/move/875/
hydro-steam,https://pokeapi.co/api/v2/move/876/
ruination,https://pokeapi.co/api/v2/move/877/
collision-course,https://pokeapi.co/api/v2/move/878/
electro-drift,https://pokeapi.co/api/v2/move/879/
shed-tail,https://pokeapi.co/api/v2/move/880/
chilly-reception,https://pokeapi.co/api/v2/move/881/
tidy-up,https://pokeapi.co/api/v2/move/882/
snowscape,https://pokeapi.co/api/v2/move/883/
pounce,https://pokeapi.co/api/v2/move/884/
trailblaze,https://pokeapi.co/api/v2/move/885/
chilling-water,https://pokeapi.co/api/v2/move/886/
hyper-drill,https://pokeapi.co/api/v2/move/887/
twin-beam,https://pokeapi.co/api/v2/move/888/
rage-fist,https://pokeapi.co/api/v2/move/889/
armor-cannon,https://pokeapi.co/api/v2/move/890/
bitter-blade,https://pokeapi.co/api/v2/move/891/
double-shock,https://pokeapi.co/api/v2/move/892/
gigaton-hammer,https://pokeapi.co/api/v2/move/893/
comeuppance,https://pokeapi.co/api/v2/move/894/
aqua-cutter,https://pokeapi.co/api/v2/move/895/
blazing-torque,https://pokeapi.co/api/v2/move/896/
wicked-torque,https://pokeapi.co/api/v2/move/897/
noxious-torque,https://pokeapi.co/api/v2/move/898/
combat-torque,https://pokeapi.co/api/v2/move/899/
magical-torque,https://pokeapi.co/api/v2/move/900/
blood-moon,https://pokeapi.co/api/v2/move/901/
matcha-gotcha,https://pokeapi.co/api/v2/move/902/
syrup-bomb,https://pokeapi.co/api/v2/move/903/
ivy-cudgel,https://pokeapi.co/api/v2/move/904/
electro-shot,https://pokeapi.co/api/v2/move/905/
tera-starstorm,https://pokeapi.co/api/v2/move/906/
fickle-beam,https://pokeapi.co/api/v2/move/907/
burning-bulwark,https://pokeapi.co/api/v2/move/908/
thunderclap,https://pokeapi.co/api/v2/move/909/
mighty-cleave,https://pokeapi.co/api/v2/move/910/
tachyon-cutter,https://pokeapi.co/api/v2/move/911/
hard-press,https://pokeapi.co/api/v2/move/912/
dragon-cheer,https://pokeapi.co/api/v2/move/913/
alluring-voice,https://pokeapi.co/api/v2/move/914/
temper-flare,https://pokeapi.co/api/v2/move/915/
supercell-slam,https://pokeapi.co/api/v2/move/916/
psychic-noise,https://pokeapi.co/api/v2/move/917/
upper-hand,https://pokeapi.co/api/v2/move/918/
malignant-chain,https://pokeapi.co/api/v2/move/919/
shadow-rush,https://pokeapi.co/api/v2/move/10001/
shadow-blast,https://pokeapi.co/api/v2/move/10002/
shadow-blitz,https://pokeapi.co/api/v2/move/10003/
shadow-bolt,https://pokeapi.co/api/v2/move/10004/
shadow-break,https://pokeapi.co/api/v2/move/10005/
shadow-chill,https://pokeapi.co/api/v2/move/10006/
shadow-end,https://pokeapi.co/api/v2/move/10007/
shadow-fire,https://pokeapi.co/api/v2/move/10008/
shadow-rave,https://pokeapi.co/api/v2/move/10009/
shadow-storm,https://pokeapi.co/api/v2/move/10010/
shadow-wave,https://pokeapi.co/api/v2/move/10011/
shadow-down,https://pokeapi.co/api/v2/move/10012/
shadow-half,https://pokeapi.co/api/v2/move/10013/
shadow-hold,https://pokeapi.co/api/v2/move/10014/
shadow-mist,https://pokeapi.co/api/v2/move/10015/
shadow-panic,https://pokeapi.co/api/v2/move/10016/
shadow-shed,https://pokeapi.co/api/v2/move/10017/
shadow-sky,https://pokeapi.co/api/v2/move/10018/
